Acc x (mg) ,Acc y (mg) ,Acc z (mg) ,Gyr x (DPS) ,Gyr y (DPS) ,Gyr z (DPS) ,Mag x (uT) ,Mag y (uT) ,Mag z (uT) , Time (ms) 
-00320.80 ,  01080.08 ,  01285.64 , -00005.24 ,  00012.20 , -00032.74 ,  00025.35 , -00030.45 ,  00079.50 , 2

-00314.94 ,  01081.05 ,  01282.23 , -00005.85 ,  00011.46 , -00039.09 ,  00025.35 , -00030.45 ,  00079.50 , 3

-00309.57 ,  01045.41 ,  01271.48 , -00005.24 ,  00013.96 , -00034.94 ,  00025.35 , -00030.45 ,  00079.50 , 5

-00303.71 ,  01031.25 ,  01280.76 ,  00009.57 ,  00017.07 , -00030.30 ,  00025.35 , -00030.45 ,  00079.50 , 6

-00296.39 ,  01012.21 ,  01274.41 , -00017.44 ,  00017.26 , -00039.76 ,  00025.35 , -00030.45 ,  00079.50 , 7

-00293.46 ,  00988.77 ,  01267.09 , -00013.11 ,  00024.21 , -00047.93 ,  00025.35 , -00030.45 ,  00079.50 , 8

-00291.99 ,  00962.40 ,  01253.91 ,  00005.18 ,  00020.30 , -00047.50 ,  00025.35 , -00030.45 ,  00079.50 , 9

-00285.64 ,  00945.31 ,  01245.61 ,  00005.67 ,  00023.90 , -00049.63 ,  00025.35 , -00030.45 ,  00079.50 , 11

-00283.69 ,  00911.13 ,  01212.89 ,  00007.32 ,  00025.49 , -00046.10 ,  00025.35 , -00030.45 ,  00079.50 , 12

-00278.81 ,  00875.00 ,  01220.21 ,  00001.89 ,  00027.56 , -00054.70 ,  00026.25 , -00028.80 ,  00080.85 , 13

-00276.37 ,  00839.84 ,  01202.15 ,  00003.60 ,  00027.01 , -00052.80 ,  00026.25 , -00028.80 ,  00080.85 , 14

-00272.46 ,  00811.52 ,  01201.17 ,  00000.49 ,  00030.55 , -00049.21 ,  00026.25 , -00028.80 ,  00080.85 , 15

-00241.70 ,  00789.06 ,  01181.64 ,  00006.71 ,  00031.22 , -00053.29 ,  00026.25 , -00028.80 ,  00080.85 , 17

-00245.12 ,  00756.84 ,  01180.66 ,  00004.88 ,  00033.11 , -00062.50 ,  00026.25 , -00028.80 ,  00080.85 , 18

-00239.75 ,  00737.30 ,  01157.71 ,  00006.10 ,  00033.84 , -00061.83 ,  00026.25 , -00028.80 ,  00080.85 , 19

-00239.26 ,  00721.19 ,  01144.53 ,  00003.60 ,  00036.59 , -00062.01 ,  00026.25 , -00028.80 ,  00080.85 , 20

-00225.10 ,  00671.87 ,  01129.39 ,  00007.80 ,  00033.35 , -00067.13 ,  00026.25 , -00028.80 ,  00080.85 , 21

-00216.31 ,  00668.46 ,  01117.68 ,  00003.72 ,  00036.71 , -00070.00 ,  00025.35 , -00030.45 ,  00079.50 , 23

-00212.89 ,  00638.67 ,  01105.47 ,  00005.55 ,  00034.57 , -00068.11 ,  00025.35 , -00030.45 ,  00079.50 , 24

-00208.98 ,  00603.52 ,  01088.38 ,  00003.48 ,  00035.91 , -00077.38 ,  00025.35 , -00030.45 ,  00079.50 , 25

-00197.75 ,  00576.66 ,  01060.06 ,  00005.73 ,  00033.48 , -00077.20 ,  00025.35 , -00030.45 ,  00079.50 , 26

-00190.43 ,  00527.83 ,  01046.88 ,  00003.72 ,  00038.66 , -00081.04 ,  00025.35 , -00030.45 ,  00079.50 , 27

-00177.25 ,  00508.79 ,  01037.11 ,  00004.15 ,  00037.38 , -00083.78 ,  00025.35 , -00030.45 ,  00079.50 , 29

-00171.39 ,  00459.96 ,  01008.30 ,  00006.83 ,  00030.06 , -00086.10 ,  00025.35 , -00030.45 ,  00079.50 , 30

-00162.60 ,  00424.32 ,  00993.65 ,  00005.67 ,  00036.95 , -00084.76 ,  00025.35 , -00030.45 ,  00079.50 , 31

-00138.18 ,  00377.93 ,  00978.52 ,  00009.21 ,  00030.91 , -00085.67 ,  00027.30 , -00033.30 ,  00078.90 , 32

-00127.93 ,  00330.57 ,  00971.68 ,  00010.18 ,  00035.30 , -00089.21 ,  00027.30 , -00033.30 ,  00078.90 , 33

-00144.04 ,  00285.16 ,  00959.47 ,  00012.01 ,  00032.20 , -00088.66 ,  00027.30 , -00033.30 ,  00078.90 , 35

-00132.81 ,  00260.25 ,  00950.68 ,  00011.89 ,  00033.60 , -00088.11 ,  00027.30 , -00033.30 ,  00078.90 , 36

-00112.79 ,  00197.75 ,  00935.06 ,  00016.77 ,  00031.77 , -00088.35 ,  00027.30 , -00033.30 ,  00078.90 , 37

-00123.05 ,  00163.09 ,  00920.90 ,  00015.24 ,  00032.32 , -00091.59 ,  00027.30 , -00033.30 ,  00078.90 , 38

-00117.68 ,  00121.58 ,  00916.50 ,  00019.63 ,  00028.48 , -00092.32 ,  00027.30 , -00033.30 ,  00078.90 , 39

-00122.56 ,  00078.61 ,  00911.62 ,  00019.39 ,  00032.13 , -00089.63 ,  00027.30 , -00033.30 ,  00078.90 , 41

-00125.00 ,  00021.00 ,  00899.90 ,  00023.35 ,  00025.61 , -00086.52 ,  00026.10 , -00033.30 ,  00078.90 , 42

-00134.77 , -00033.69 ,  00881.84 ,  00023.23 ,  00029.21 , -00088.84 ,  00026.10 , -00035.10 ,  00078.45 , 43

-00149.41 , -00092.77 ,  00872.56 ,  00024.45 ,  00026.89 , -00087.50 ,  00026.10 , -00035.10 ,  00078.45 , 44

-00121.58 , -00134.77 ,  00853.52 ,  00024.15 ,  00025.30 , -00087.32 ,  00026.10 , -00035.10 ,  00078.45 , 45

-00089.36 , -00175.29 ,  00856.93 ,  00026.04 ,  00023.29 , -00085.18 ,  00026.10 , -00035.10 ,  00078.45 , 47

-00088.87 , -00211.43 ,  00863.28 ,  00028.23 ,  00023.11 , -00087.32 ,  00026.10 , -00035.10 ,  00078.45 , 48

-00079.10 , -00261.23 ,  00872.07 ,  00030.61 ,  00022.26 , -00082.74 ,  00026.10 , -00035.10 ,  00078.45 , 49

-00084.96 , -00302.25 ,  00868.65 ,  00032.74 ,  00021.59 , -00083.84 ,  00026.10 , -00035.10 ,  00078.45 , 50

-00097.17 , -00345.70 ,  00868.16 ,  00036.04 ,  00017.07 , -00085.06 ,  00026.10 , -00035.10 ,  00078.45 , 51

-00103.03 , -00390.62 ,  00855.96 ,  00036.95 ,  00016.16 , -00081.77 ,  00025.65 , -00035.85 ,  00077.70 , 53

-00104.49 , -00420.90 ,  00861.82 ,  00035.12 ,  00017.74 , -00078.66 ,  00025.65 , -00035.85 ,  00077.70 , 54

-00103.52 , -00465.82 ,  00851.07 ,  00038.29 ,  00016.04 , -00079.51 ,  00025.65 , -00035.85 ,  00077.70 , 55

-00112.30 , -00503.42 ,  00855.47 ,  00035.61 ,  00012.68 , -00079.27 ,  00025.65 , -00035.85 ,  00077.70 , 56

-00119.63 , -00537.11 ,  00867.68 ,  00037.87 ,  00009.51 , -00074.21 ,  00025.65 , -00035.85 ,  00077.70 , 58

-00127.93 , -00582.03 ,  00869.63 ,  00033.96 ,  00010.43 , -00076.65 ,  00025.65 , -00035.85 ,  00077.70 , 59

-00145.02 , -00631.84 ,  00881.84 ,  00036.40 ,  00007.99 , -00075.06 ,  00025.65 , -00035.85 ,  00077.70 , 60

-00154.30 , -00677.73 ,  00881.84 ,  00035.55 ,  00008.41 , -00073.72 ,  00025.65 , -00035.85 ,  00077.70 , 61

-00151.37 , -00729.98 ,  00869.14 ,  00036.59 ,  00005.55 , -00070.79 ,  00025.65 , -00035.85 ,  00077.70 , 62

-00177.25 , -00759.28 ,  00888.18 ,  00035.30 ,  00005.67 , -00072.01 ,  00025.65 , -00035.85 ,  00077.70 , 64

-00187.50 , -00809.57 ,  00883.79 ,  00035.18 ,  00001.89 , -00065.12 ,  00025.65 , -00035.85 ,  00077.70 , 65

-00211.91 , -00835.94 ,  00893.07 ,  00034.82 ,  00001.71 , -00063.78 ,  00025.65 , -00035.85 ,  00077.70 , 66

-00222.17 , -00887.21 ,  00887.21 ,  00036.77 ,  00000.73 , -00059.57 ,  00025.65 , -00035.85 ,  00077.70 , 67

-00213.87 , -00913.57 ,  00909.18 ,  00031.71 ,  00002.26 , -00058.60 ,  00025.65 , -00035.85 ,  00077.70 , 68

-00233.89 , -00945.31 ,  00911.62 ,  00036.65 , -00000.67 , -00052.44 ,  00025.65 , -00035.85 ,  00077.70 , 70

-00245.12 , -00974.12 ,  00917.48 ,  00035.43 ,  00002.62 , -00046.89 ,  00025.65 , -00035.85 ,  00077.70 , 71

-00257.32 , -00993.65 ,  00926.76 ,  00035.98 , -00004.45 , -00045.79 ,  00026.55 , -00038.70 ,  00077.85 , 72

-00262.21 , -01034.18 ,  00913.57 ,  00035.43 ,  00000.43 , -00042.07 ,  00026.55 , -00038.70 ,  00077.85 , 73

-00276.86 , -01052.73 ,  00920.41 ,  00035.49 , -00001.34 , -00032.56 ,  00026.55 , -00038.70 ,  00077.85 , 74

-00267.09 , -01069.82 ,  00925.78 ,  00035.43 , -00003.54 , -00029.70 ,  00026.55 , -00038.70 ,  00077.85 , 76

-00273.93 , -01095.70 ,  00941.89 ,  00035.49 , -00002.32 , -00022.56 ,  00026.55 , -00038.70 ,  00077.85 , 77

-00279.79 , -01095.21 ,  00927.73 ,  00039.33 , -00001.16 , -00014.70 ,  00026.55 , -00038.70 ,  00077.85 , 78

-00268.55 , -01113.28 ,  00929.69 ,  00035.73 , -00003.41 , -00016.52 ,  00026.55 , -00038.70 ,  00077.85 , 79

-00290.04 , -01123.05 ,  00938.48 ,  00039.82 , -00005.24 , -00007.87 ,  00026.55 , -00038.70 ,  00077.85 , 80

-00298.83 , -01132.81 ,  00926.76 ,  00034.33 , -00002.68 , -00000.61 ,  00027.15 , -00038.85 ,  00078.00 , 82

-00298.83 , -01121.09 ,  00945.31 ,  00037.26 , -00007.38 ,  00004.02 ,  00027.15 , -00038.85 ,  00078.00 , 83

-00287.11 , -01132.32 ,  00941.41 ,  00032.68 , -00005.61 ,  00008.48 ,  00027.15 , -00038.85 ,  00078.00 , 84

-00305.66 , -01125.49 ,  00946.78 ,  00037.01 , -00008.29 ,  00015.18 ,  00027.15 , -00038.85 ,  00078.00 , 85

-00298.83 , -01139.65 ,  00948.24 ,  00033.96 , -00005.49 ,  00017.74 ,  00027.15 , -00038.85 ,  00078.00 , 86

-00303.22 , -01152.83 ,  00937.50 ,  00033.41 , -00006.46 ,  00022.44 ,  00027.15 , -00038.85 ,  00078.00 , 88

-00312.50 , -01155.76 ,  00924.80 ,  00031.59 , -00006.46 ,  00025.98 ,  00027.15 , -00038.85 ,  00078.00 , 89

-00309.57 , -01150.39 ,  00924.80 ,  00029.45 , -00008.41 ,  00029.51 ,  00027.15 , -00038.85 ,  00078.00 , 90

-00299.80 , -01162.60 ,  00922.36 ,  00026.10 , -00005.85 ,  00032.87 ,  00027.15 , -00038.85 ,  00078.00 , 91

-00296.87 , -01156.74 ,  00925.29 ,  00028.54 , -00008.35 ,  00038.29 ,  00025.50 , -00038.25 ,  00077.55 , 92

-00296.39 , -01158.69 ,  00912.11 ,  00026.28 , -00004.88 ,  00037.80 ,  00025.50 , -00038.25 ,  00077.55 , 94

-00303.71 , -01151.37 ,  00904.79 ,  00026.46 , -00008.90 ,  00044.15 ,  00025.50 , -00038.25 ,  00077.55 , 95

-00283.69 , -01153.32 ,  00894.53 ,  00022.50 , -00007.74 ,  00046.10 ,  00025.50 , -00038.25 ,  00077.55 , 96

-00275.88 , -01157.71 ,  00889.65 ,  00019.63 , -00006.77 ,  00053.48 ,  00025.50 , -00038.25 ,  00077.55 , 97

-00264.16 , -01141.11 ,  00880.37 ,  00019.94 , -00005.00 ,  00054.70 ,  00025.50 , -00038.25 ,  00077.55 , 98

-00264.16 , -01145.02 ,  00875.98 ,  00019.02 , -00006.83 ,  00056.71 ,  00025.50 , -00038.25 ,  00077.55 , 100

-00270.51 , -01125.49 ,  00851.56 ,  00014.33 , -00003.84 ,  00057.20 ,  00025.50 , -00038.25 ,  00077.55 , 101

-00271.48 , -01101.56 ,  00843.75 ,  00012.62 , -00005.24 ,  00060.18 ,  00026.10 , -00037.35 ,  00078.45 , 102

-00257.32 , -01082.03 ,  00838.38 ,  00013.29 , -00009.09 ,  00064.57 ,  00026.10 , -00037.35 ,  00078.45 , 103

-00255.86 , -01062.01 ,  00832.03 ,  00010.18 , -00007.68 ,  00065.12 ,  00026.10 , -00037.35 ,  00078.45 , 105

-00234.86 , -01037.60 ,  00840.82 ,  00007.93 , -00006.89 ,  00073.96 ,  00026.10 , -00037.35 ,  00078.45 , 106

-00229.98 , -01000.98 ,  00837.40 ,  00002.38 , -00007.87 ,  00072.01 ,  00026.10 , -00037.35 ,  00078.45 , 107

-00219.73 , -00979.98 ,  00816.89 ,  00003.96 , -00009.21 ,  00071.16 ,  00026.10 , -00037.35 ,  00078.45 , 108

-00236.33 , -00960.94 ,  00809.08 , -00002.87 , -00008.41 ,  00075.49 ,  00026.10 , -00037.35 ,  00078.45 , 109

-00220.70 , -00918.95 ,  00806.64 , -00002.26 , -00011.59 ,  00077.13 ,  00026.10 , -00037.35 ,  00078.45 , 111

-00206.05 , -00885.25 ,  00810.55 , -00010.24 , -00010.79 ,  00076.34 ,  00026.10 , -00037.35 ,  00078.45 , 112

-00205.08 , -00856.93 ,  00802.73 , -00008.96 , -00013.41 ,  00076.40 ,  00026.10 , -00037.35 ,  00078.45 , 113

-00206.54 , -00798.83 ,  00804.69 , -00016.10 , -00011.46 ,  00080.06 ,  00026.10 , -00037.35 ,  00078.45 , 114

-00194.82 , -00780.27 ,  00791.02 , -00014.82 , -00016.34 ,  00081.46 ,  00026.10 , -00037.35 ,  00078.45 , 115

-00194.82 , -00732.42 ,  00791.50 , -00020.12 , -00012.62 ,  00078.54 ,  00026.10 , -00037.35 ,  00078.45 , 117

-00181.15 , -00695.80 ,  00803.22 , -00021.77 , -00016.77 ,  00080.91 ,  00026.10 , -00037.35 ,  00078.45 , 118

-00182.62 , -00645.02 ,  00800.78 , -00026.34 , -00015.37 ,  00081.16 ,  00026.10 , -00037.35 ,  00078.45 , 119

-00194.34 , -00586.43 ,  00790.53 , -00028.66 , -00019.94 ,  00083.96 ,  00026.10 , -00037.35 ,  00078.45 , 120

-00176.27 , -00529.30 ,  00807.13 , -00031.95 , -00017.68 ,  00080.18 ,  00026.10 , -00037.35 ,  00078.45 , 121

-00167.97 , -00461.91 ,  00815.43 , -00031.10 , -00020.37 ,  00082.68 ,  00026.25 , -00036.00 ,  00078.60 , 123

-00169.43 , -00411.13 ,  00818.85 , -00037.13 , -00018.48 ,  00084.82 ,  00026.25 , -00036.00 ,  00078.60 , 124

-00169.92 , -00366.70 ,  00821.78 , -00037.74 , -00019.70 ,  00083.96 ,  00026.25 , -00036.00 ,  00078.60 , 125

-00173.34 , -00308.59 ,  00829.59 , -00042.44 , -00017.87 ,  00083.23 ,  00026.25 , -00036.00 ,  00078.60 , 126

-00177.73 , -00254.88 ,  00843.75 , -00043.17 , -00019.57 ,  00085.24 ,  00026.25 , -00036.00 ,  00078.60 , 127

-00177.25 , -00212.40 ,  00860.35 , -00043.23 , -00024.09 ,  00088.78 ,  00026.25 , -00036.00 ,  00078.60 , 129

-00180.18 , -00149.41 ,  00870.12 , -00045.98 , -00021.46 ,  00084.21 ,  00026.25 , -00036.00 ,  00078.60 , 130

-00184.57 , -00085.45 ,  00882.32 , -00044.94 , -00022.50 ,  00085.37 ,  00026.25 , -00036.00 ,  00078.60 , 131

-00182.62 , -00040.53 ,  00902.83 , -00048.72 , -00024.94 ,  00086.89 ,  00026.55 , -00032.55 ,  00079.35 , 132

-00182.13 ,  00026.37 ,  00922.85 , -00049.57 , -00026.04 ,  00086.59 ,  00026.55 , -00032.55 ,  00079.35 , 133

-00182.62 ,  00093.75 ,  00931.15 , -00050.67 , -00023.23 ,  00084.45 ,  00026.55 , -00032.55 ,  00079.35 , 135

-00178.71 ,  00151.86 ,  00939.45 , -00050.91 , -00023.35 ,  00087.13 ,  00026.55 , -00032.55 ,  00079.35 , 136

-00176.27 ,  00215.33 ,  00959.47 , -00051.04 , -00023.05 ,  00078.96 ,  00026.55 , -00032.55 ,  00079.35 , 137

-00177.25 ,  00284.18 ,  00971.19 , -00053.29 , -00025.00 ,  00079.63 ,  00026.55 , -00032.55 ,  00079.35 , 138

-00186.04 ,  00339.36 ,  00977.54 , -00055.79 , -00022.13 ,  00075.85 ,  00026.55 , -00032.55 ,  00079.35 , 139

-00200.20 ,  00410.64 ,  01010.74 , -00055.49 , -00027.44 ,  00075.98 ,  00026.55 , -00032.55 ,  00079.35 , 141

-00200.68 ,  00469.24 ,  01039.55 , -00059.15 , -00024.57 ,  00074.63 ,  00026.55 , -00032.55 ,  00079.35 , 142

-00186.04 ,  00540.53 ,  01055.66 , -00056.59 , -00024.82 ,  00072.44 ,  00027.60 , -00032.70 ,  00079.20 , 143

-00189.94 ,  00593.26 ,  01060.55 , -00058.11 , -00023.96 ,  00068.23 ,  00027.60 , -00032.70 ,  00079.20 , 144

-00203.61 ,  00640.62 ,  01080.08 , -00056.04 , -00023.11 ,  00064.70 ,  00027.60 , -00032.70 ,  00079.20 , 145

-00209.47 ,  00681.64 ,  01086.91 , -00056.65 , -00021.71 ,  00063.84 ,  00027.60 , -00032.70 ,  00079.20 , 147

-00212.40 ,  00721.68 ,  01102.05 , -00055.49 , -00024.70 ,  00064.33 ,  00027.60 , -00032.70 ,  00079.20 , 148

-00208.50 ,  00764.16 ,  01104.98 , -00054.76 , -00022.99 ,  00055.73 ,  00027.60 , -00032.70 ,  00079.20 , 149

-00200.68 ,  00797.85 ,  01137.21 , -00050.37 , -00023.41 ,  00060.91 ,  00027.60 , -00032.70 ,  00079.20 , 150

-00194.34 ,  00828.61 ,  01132.32 , -00054.51 , -00019.39 ,  00051.77 ,  00027.60 , -00032.70 ,  00079.20 , 152

-00205.08 ,  00860.84 ,  01145.02 , -00052.44 , -00022.07 ,  00047.80 ,  00026.40 , -00031.65 ,  00078.75 , 153

-00191.89 ,  00881.84 ,  01151.37 , -00048.11 , -00020.30 ,  00046.40 ,  00026.40 , -00031.65 ,  00078.75 , 154

-00202.64 ,  00887.21 ,  01156.25 , -00046.34 , -00017.87 ,  00035.06 ,  00026.40 , -00031.65 ,  00078.75 , 155

-00224.12 ,  00925.78 ,  01160.64 , -00046.28 , -00020.61 ,  00041.28 ,  00026.40 , -00031.65 ,  00078.75 , 156

-00231.93 ,  00930.18 ,  01162.11 , -00044.15 , -00017.26 ,  00040.43 ,  00026.40 , -00031.65 ,  00078.75 , 158

-00222.66 ,  00964.36 ,  01187.01 , -00039.27 , -00021.10 ,  00030.85 ,  00026.40 , -00031.65 ,  00078.75 , 159

-00236.82 ,  00981.45 ,  01206.54 , -00039.33 , -00015.67 ,  00031.10 ,  00026.40 , -00031.65 ,  00078.75 , 160

-00243.65 ,  01007.32 ,  01208.50 , -00037.44 , -00015.79 ,  00029.63 ,  00026.40 , -00031.65 ,  00078.75 , 161

-00249.02 ,  01023.93 ,  01214.84 , -00036.40 , -00017.38 ,  00026.59 ,  00026.40 , -00031.65 ,  00078.75 , 162

-00240.72 ,  01044.43 ,  01235.84 , -00028.54 , -00012.44 ,  00021.59 ,  00026.40 , -00031.65 ,  00078.75 , 164

-00249.51 ,  01057.13 ,  01237.30 , -00030.30 , -00013.48 ,  00015.85 ,  00026.40 , -00031.65 ,  00078.75 , 165

-00230.96 ,  01058.59 ,  01259.77 , -00025.79 , -00015.91 ,  00019.21 ,  00026.40 , -00031.65 ,  00078.75 , 166

-00224.61 ,  01062.99 ,  01251.95 , -00027.50 , -00009.21 ,  00015.30 ,  00026.40 , -00031.65 ,  00078.75 , 167

-00247.56 ,  01081.05 ,  01254.39 , -00024.70 , -00010.85 ,  00010.98 ,  00026.40 , -00031.65 ,  00078.75 , 168

-00233.89 ,  01093.75 ,  01262.21 , -00021.65 , -00009.33 ,  00005.49 ,  00026.40 , -00031.65 ,  00078.75 , 170

-00238.77 ,  01085.45 ,  01268.55 , -00018.23 , -00008.48 ,  00005.85 ,  00026.40 , -00031.65 ,  00078.75 , 171

-00247.56 ,  01088.87 ,  01269.53 , -00018.05 , -00008.54 , -00001.22 ,  00026.40 , -00031.65 ,  00078.75 , 172

-00238.77 ,  01095.21 ,  01294.43 , -00014.63 , -00007.44 , -00001.04 ,  00027.30 , -00028.80 ,  00079.35 , 173

-00248.05 ,  01089.84 ,  01290.04 , -00017.93 , -00001.28 , -00009.70 ,  00027.30 , -00028.80 ,  00079.35 , 174

-00248.54 ,  01093.75 ,  01305.18 , -00013.60 , -00004.09 , -00012.99 ,  00027.30 , -00028.80 ,  00079.35 , 176

-00245.12 ,  01090.33 ,  01314.45 , -00013.05 , -00000.79 , -00007.62 ,  00027.30 , -00028.80 ,  00079.35 , 177

-00244.63 ,  01090.82 ,  01320.80 , -00008.78 , -00000.30 , -00013.41 ,  00027.30 , -00028.80 ,  00079.35 , 178

-00250.98 ,  01092.77 ,  01320.31 , -00008.29 , -00000.12 , -00012.80 ,  00027.30 , -00028.80 ,  00079.35 , 179

-00266.60 ,  01072.27 ,  01324.22 , -00008.72 ,  00006.95 , -00021.40 ,  00027.30 , -00028.80 ,  00079.35 , 180

-00269.04 ,  01075.20 ,  01335.94 , -00004.02 ,  00000.79 , -00027.20 ,  00027.30 , -00028.80 ,  00079.35 , 182

-00266.60 ,  01055.66 ,  01326.17 , -00006.46 ,  00005.67 , -00025.24 ,  00026.85 , -00029.70 ,  00080.25 , 183

-00258.79 ,  01053.22 ,  01336.91 , -00003.23 ,  00009.70 , -00025.30 ,  00026.85 , -00029.70 ,  00080.25 , 184

-00268.55 ,  01026.37 ,  01348.14 , -00003.66 ,  00010.85 , -00033.66 ,  00026.85 , -00029.70 ,  00080.25 , 185

-00264.16 ,  01005.86 ,  01329.10 , -00001.16 ,  00007.87 , -00034.09 ,  00026.85 , -00029.70 ,  00080.25 , 186

-00267.58 ,  00996.09 ,  01329.10 , -00000.06 ,  00017.01 , -00035.61 ,  00026.85 , -00029.70 ,  00080.25 , 188

-00261.23 ,  00976.07 ,  01318.36 , -00002.01 ,  00009.51 , -00053.17 ,  00026.85 , -00029.70 ,  00080.25 , 189

-00256.84 ,  00949.22 ,  01316.89 ,  00004.45 ,  00015.55 , -00041.40 ,  00026.85 , -00029.70 ,  00080.25 , 190

-00260.74 ,  00928.71 ,  01298.34 ,  00007.93 ,  00018.29 , -00038.60 ,  00026.85 , -00029.70 ,  00080.25 , 191

-00259.77 ,  00905.76 ,  01309.08 ,  00001.71 ,  00023.60 , -00034.51 ,  00026.85 , -00029.70 ,  00080.25 , 192

-00263.67 ,  00854.00 ,  01295.90 ,  00003.35 ,  00021.83 , -00045.85 ,  00026.85 , -00029.70 ,  00080.25 , 194

-00264.65 ,  00837.40 ,  01279.30 ,  00001.10 ,  00024.88 , -00056.28 ,  00026.85 , -00029.70 ,  00080.25 , 195

-00264.16 ,  00798.83 ,  01277.83 ,  00006.46 ,  00022.20 , -00051.89 ,  00026.85 , -00029.70 ,  00080.25 , 196

-00257.81 ,  00780.76 ,  01265.63 ,  00003.84 ,  00026.95 , -00050.98 ,  00026.85 , -00029.70 ,  00080.25 , 197

-00253.91 ,  00740.23 ,  01279.30 ,  00005.73 ,  00021.16 , -00054.15 ,  00026.85 , -00029.70 ,  00080.25 , 199

-00249.02 ,  00728.03 ,  01257.32 ,  00001.59 ,  00028.41 , -00061.46 ,  00026.85 , -00029.70 ,  00080.25 , 200

-00236.33 ,  00700.20 ,  01242.68 ,  00004.82 ,  00027.87 , -00062.99 ,  00026.85 , -00029.70 ,  00080.25 , 201

-00230.96 ,  00680.66 ,  01242.68 ,  00004.39 ,  00031.28 , -00065.61 ,  00025.20 , -00031.80 ,  00080.25 , 202

-00240.72 ,  00648.93 ,  01226.56 ,  00006.22 ,  00028.96 , -00065.61 ,  00025.20 , -00031.80 ,  00079.65 , 203

-00237.30 ,  00617.68 ,  01206.05 ,  00003.78 ,  00030.06 , -00067.32 ,  00025.20 , -00031.80 ,  00079.65 , 205

-00238.77 ,  00581.54 ,  01190.43 , -00000.79 ,  00034.33 , -00071.83 ,  00025.20 , -00031.80 ,  00079.65 , 206

-00237.30 ,  00539.06 ,  01190.92 ,  00003.84 ,  00030.98 , -00072.50 ,  00025.20 , -00031.80 ,  00079.65 , 207

-00227.54 ,  00502.44 ,  01178.22 , -00000.12 ,  00034.21 , -00078.66 ,  00025.20 , -00031.80 ,  00079.65 , 208

-00222.66 ,  00473.63 ,  01160.64 ,  00002.01 ,  00032.87 , -00084.57 ,  00025.20 , -00031.80 ,  00079.65 , 209

-00208.50 ,  00426.27 ,  01144.53 ,  00004.33 ,  00037.13 , -00080.98 ,  00025.20 , -00031.80 ,  00079.65 , 211

-00212.40 ,  00405.27 ,  01118.16 ,  00004.39 ,  00035.55 , -00079.57 ,  00027.15 , -00031.95 ,  00079.65 , 212

-00223.14 ,  00376.46 ,  01107.42 ,  00001.89 ,  00035.06 , -00082.62 ,  00027.15 , -00031.95 ,  00078.75 , 213

-00192.38 ,  00333.50 ,  01094.24 ,  00004.21 ,  00037.93 , -00082.32 ,  00027.15 , -00031.95 ,  00078.75 , 214

-00196.78 ,  00309.08 ,  01104.00 ,  00005.85 ,  00037.01 , -00081.59 ,  00027.15 , -00031.95 ,  00078.75 , 215

-00187.50 ,  00268.55 ,  01074.71 ,  00008.96 ,  00036.65 , -00083.90 ,  00027.15 , -00031.95 ,  00078.75 , 217

-00182.13 ,  00229.98 ,  01066.89 ,  00004.63 ,  00040.06 , -00085.79 ,  00027.15 , -00031.95 ,  00078.75 , 218

-00187.01 ,  00184.57 ,  01045.41 ,  00009.70 ,  00035.30 , -00085.12 ,  00027.15 , -00031.95 ,  00078.75 , 219

-00166.99 ,  00155.76 ,  01031.74 ,  00009.76 ,  00039.21 , -00083.29 ,  00027.15 , -00031.95 ,  00078.75 , 220

-00171.87 ,  00098.63 ,  01008.79 ,  00011.28 ,  00034.88 , -00081.83 ,  00027.15 , -00031.95 ,  00078.75 , 221

-00166.02 ,  00044.43 ,  00996.58 ,  00011.83 ,  00036.59 , -00088.17 ,  00026.25 , -00034.50 ,  00077.85 , 223

-00160.16 ,  00008.79 ,  00969.73 ,  00012.50 ,  00035.73 , -00088.35 ,  00026.25 , -00034.50 ,  00077.85 , 224

-00134.77 , -00021.48 ,  00953.12 ,  00012.07 ,  00036.40 , -00087.62 ,  00026.25 , -00034.50 ,  00077.85 , 225

-00104.49 , -00059.57 ,  00941.89 ,  00013.11 ,  00032.93 , -00088.23 ,  00026.25 , -00034.50 ,  00077.85 , 226

-00103.52 , -00100.59 ,  00935.06 ,  00012.07 ,  00034.82 , -00092.20 ,  00026.25 , -00034.50 ,  00077.85 , 227

-00102.05 , -00140.14 ,  00925.29 ,  00015.18 ,  00029.76 , -00092.26 ,  00026.25 , -00034.50 ,  00077.85 , 229

-00104.49 , -00173.34 ,  00912.60 ,  00016.04 ,  00030.24 , -00092.20 ,  00026.25 , -00034.50 ,  00077.85 , 230

-00098.63 , -00204.59 ,  00894.04 ,  00017.62 ,  00027.38 , -00090.79 ,  00026.25 , -00034.50 ,  00077.85 , 231

-00116.70 , -00244.14 ,  00891.60 ,  00017.80 ,  00023.41 , -00090.67 ,  00028.20 , -00035.85 ,  00077.70 , 232

-00108.89 , -00274.90 ,  00884.28 ,  00017.99 ,  00025.79 , -00094.09 ,  00028.20 , -00035.85 ,  00077.70 , 233

-00109.86 , -00305.18 ,  00859.37 ,  00020.91 ,  00022.13 , -00088.11 ,  00028.20 , -00035.85 ,  00077.70 , 235

-00110.35 , -00340.33 ,  00877.44 ,  00022.20 ,  00022.44 , -00092.13 ,  00028.20 , -00035.85 ,  00077.70 , 236

-00115.23 , -00376.95 ,  00875.49 ,  00022.62 ,  00016.46 , -00092.80 ,  00028.20 , -00035.85 ,  00077.70 , 237

-00138.67 , -00416.02 ,  00869.14 ,  00021.52 ,  00020.98 , -00084.15 ,  00028.20 , -00035.85 ,  00077.70 , 238

-00144.53 , -00444.82 ,  00873.54 ,  00026.22 ,  00015.85 , -00085.49 ,  00028.20 , -00035.85 ,  00077.70 , 239

-00159.67 , -00478.52 ,  00877.93 ,  00024.94 ,  00016.28 , -00086.34 ,  00028.20 , -00035.85 ,  00077.70 , 241

-00145.51 , -00527.34 ,  00868.16 ,  00028.35 ,  00015.00 , -00080.67 ,  00028.20 , -00035.85 ,  00077.70 , 242

-00155.76 , -00566.41 ,  00874.51 ,  00026.65 ,  00015.43 , -00080.91 ,  00028.20 , -00035.85 ,  00077.70 , 243

-00169.43 , -00612.79 ,  00876.95 ,  00031.46 ,  00010.12 , -00075.06 ,  00028.20 , -00035.85 ,  00077.70 , 244

-00174.80 , -00640.62 ,  00882.32 ,  00029.51 ,  00015.55 , -00074.09 ,  00028.20 , -00035.85 ,  00077.70 , 246

-00189.94 , -00686.52 ,  00882.32 ,  00033.11 ,  00010.79 , -00069.88 ,  00028.20 , -00035.85 ,  00077.70 , 247

-00203.12 , -00719.73 ,  00887.70 ,  00033.96 ,  00012.87 , -00067.26 ,  00028.20 , -00035.85 ,  00077.70 , 248

-00203.12 , -00763.67 ,  00885.25 ,  00034.57 ,  00010.49 , -00061.95 ,  00028.20 , -00035.85 ,  00077.70 , 249

-00218.26 , -00790.04 ,  00892.58 ,  00033.35 ,  00009.39 , -00058.96 ,  00028.20 , -00035.85 ,  00077.70 , 250

-00215.33 , -00824.22 ,  00876.95 ,  00038.29 ,  00008.35 , -00053.35 ,  00028.20 , -00035.85 ,  00077.70 , 252

-00229.00 , -00856.45 ,  00867.68 ,  00036.71 ,  00007.50 , -00051.40 ,  00027.00 , -00038.70 ,  00078.30 , 253

-00245.12 , -00893.55 ,  00866.70 ,  00037.32 ,  00004.21 , -00048.11 ,  00027.00 , -00038.70 ,  00078.30 , 254

-00239.75 , -00912.60 ,  00866.21 ,  00035.37 ,  00007.87 , -00043.60 ,  00027.00 , -00038.70 ,  00078.30 , 255

-00242.68 , -00937.50 ,  00865.72 ,  00036.52 ,  00006.04 , -00038.41 ,  00027.00 , -00038.70 ,  00078.30 , 256

-00248.05 , -00961.43 ,  00857.42 ,  00040.24 ,  00003.54 , -00030.73 ,  00027.00 , -00038.70 ,  00078.30 , 258

-00253.91 , -00983.40 ,  00860.35 ,  00041.34 ,  00003.54 , -00032.38 ,  00027.00 , -00038.70 ,  00078.30 , 259

-00251.46 , -01010.25 ,  00870.12 ,  00041.52 ,  00000.61 , -00026.46 ,  00027.00 , -00038.70 ,  00078.30 , 260

-00258.79 , -01030.76 ,  00865.23 ,  00039.39 , -00000.30 , -00020.12 ,  00027.00 , -00038.70 ,  00078.30 , 261

-00260.25 , -01056.15 ,  00852.05 ,  00041.65 , -00001.77 , -00014.45 ,  00027.00 , -00039.00 ,  00077.10 , 262

-00280.76 , -01072.27 ,  00859.37 ,  00041.34 , -00000.43 , -00014.45 ,  00027.00 , -00039.00 ,  00077.10 , 264

-00280.76 , -01077.15 ,  00869.14 ,  00041.65 , -00005.61 , -00004.27 ,  00027.00 , -00039.00 ,  00077.10 , 265

-00294.92 , -01088.87 ,  00867.19 ,  00037.32 , -00005.73 , -00002.26 ,  00027.00 , -00039.00 ,  00077.10 , 266

-00295.90 , -01091.31 ,  00875.00 ,  00041.10 , -00009.33 ,  00005.98 ,  00027.00 , -00039.00 ,  00077.10 , 267

-00289.06 , -01103.03 ,  00883.30 ,  00039.39 , -00007.07 ,  00009.45 ,  00027.00 , -00039.00 ,  00077.10 , 268

-00304.69 , -01105.96 ,  00872.07 ,  00041.65 , -00008.48 ,  00015.43 ,  00027.00 , -00039.00 ,  00077.10 , 270

-00311.04 , -01111.82 ,  00876.95 ,  00038.48 , -00007.87 ,  00020.55 ,  00027.00 , -00039.00 ,  00077.10 , 271

-00283.20 , -01126.46 ,  00864.26 ,  00039.76 , -00011.71 ,  00025.00 ,  00027.00 , -00039.00 ,  00077.10 , 272

-00295.41 , -01126.95 ,  00889.16 ,  00036.83 , -00007.74 ,  00026.16 ,  00026.55 , -00040.95 ,  00077.55 , 273

-00294.92 , -01151.86 ,  00870.61 ,  00038.29 , -00010.00 ,  00031.46 ,  00026.55 , -00040.95 ,  00077.55 , 274

-00283.20 , -01129.88 ,  00858.89 ,  00036.34 , -00011.59 ,  00038.66 ,  00026.55 , -00040.95 ,  00077.55 , 276

-00282.71 , -01153.32 ,  00866.70 ,  00037.32 , -00012.56 ,  00042.13 ,  00026.55 , -00040.95 ,  00077.55 , 277

-00273.93 , -01142.58 ,  00855.96 ,  00033.05 , -00009.70 ,  00043.96 ,  00026.55 , -00040.95 ,  00077.55 , 278

-00273.93 , -01151.37 ,  00849.61 ,  00033.84 , -00013.72 ,  00049.94 ,  00026.55 , -00040.95 ,  00077.55 , 279

-00274.41 , -01142.09 ,  00836.91 ,  00029.45 , -00010.30 ,  00050.24 ,  00026.55 , -00040.95 ,  00077.55 , 280

-00272.46 , -01145.02 ,  00850.10 ,  00029.27 , -00009.39 ,  00052.93 ,  00026.55 , -00040.95 ,  00077.55 , 282

-00250.00 , -01150.88 ,  00835.94 ,  00030.18 , -00013.05 ,  00060.91 ,  00027.60 , -00040.05 ,  00077.70 , 283

-00258.79 , -01132.81 ,  00821.29 ,  00026.22 , -00009.88 ,  00056.83 ,  00027.60 , -00040.05 ,  00077.70 , 284

-00263.67 , -01144.04 ,  00822.27 ,  00024.21 , -00013.35 ,  00060.79 ,  00027.60 , -00040.05 ,  00077.70 , 285

-00274.41 , -01134.28 ,  00814.94 ,  00023.72 , -00013.78 ,  00065.67 ,  00027.60 , -00040.05 ,  00077.70 , 286

-00266.60 , -01121.09 ,  00819.82 ,  00023.90 , -00013.41 ,  00068.11 ,  00027.60 , -00040.05 ,  00077.70 , 288

-00246.58 , -01098.63 ,  00818.36 ,  00017.87 , -00011.95 ,  00068.41 ,  00027.60 , -00040.05 ,  00077.70 , 289

-00264.65 , -01087.89 ,  00806.64 ,  00016.28 , -00018.48 ,  00073.78 ,  00027.60 , -00040.05 ,  00077.70 , 290

-00253.42 , -01070.31 ,  00804.69 ,  00013.90 , -00014.33 ,  00072.20 ,  00027.60 , -00040.05 ,  00077.70 , 291

-00262.70 , -01040.04 ,  00814.45 ,  00010.98 , -00016.95 ,  00074.39 ,  00027.60 , -00040.05 ,  00077.70 , 293

-00255.37 , -01015.62 ,  00833.50 ,  00007.99 , -00017.07 ,  00076.16 ,  00027.60 , -00040.05 ,  00077.70 , 294

-00236.82 , -00986.33 ,  00825.20 ,  00006.95 , -00015.91 ,  00075.06 ,  00027.60 , -00040.05 ,  00077.70 , 295

-00230.96 , -00965.33 ,  00822.27 ,  00000.61 , -00013.23 ,  00076.10 ,  00027.60 , -00040.05 ,  00077.70 , 296

-00233.89 , -00934.08 ,  00806.64 , -00000.37 , -00016.89 ,  00082.62 ,  00027.60 , -00040.05 ,  00077.70 , 297

-00245.61 , -00907.71 ,  00797.36 , -00004.70 , -00017.26 ,  00080.67 ,  00027.60 , -00040.05 ,  00077.70 , 299

-00227.54 , -00880.86 ,  00803.22 , -00003.29 , -00022.38 ,  00084.63 ,  00027.60 , -00040.05 ,  00077.70 , 300

-00236.33 , -00850.10 ,  00806.15 , -00009.76 , -00016.65 ,  00084.09 ,  00027.60 , -00040.05 ,  00077.70 , 301

-00223.14 , -00792.97 ,  00816.41 , -00009.21 , -00020.55 ,  00087.99 ,  00027.60 , -00040.05 ,  00077.70 , 302

-00218.26 , -00771.48 ,  00828.12 , -00010.91 , -00018.41 ,  00090.61 ,  00028.20 , -00036.90 ,  00079.50 , 303

-00208.50 , -00721.19 ,  00812.99 , -00013.90 , -00019.02 ,  00091.89 ,  00028.20 , -00036.90 ,  00079.50 , 305

-00195.80 , -00689.45 ,  00822.75 , -00018.60 , -00020.00 ,  00087.99 ,  00028.20 , -00036.90 ,  00079.50 , 306

-00210.94 , -00646.00 ,  00830.57 , -00018.84 , -00020.49 ,  00090.37 ,  00028.20 , -00036.90 ,  00079.50 , 307

-00193.85 , -00613.77 ,  00837.89 , -00018.66 , -00020.43 ,  00096.52 ,  00028.20 , -00036.90 ,  00079.50 , 308

-00217.77 , -00574.22 ,  00837.40 , -00023.84 , -00019.33 ,  00097.62 ,  00028.20 , -00036.90 ,  00079.50 , 309

-00195.31 , -00520.51 ,  00843.26 , -00024.45 , -00021.40 ,  00100.43 ,  00028.20 , -00036.90 ,  00079.50 , 311

-00204.59 , -00469.73 ,  00849.12 , -00026.65 , -00018.90 ,  00100.61 ,  00028.20 , -00036.90 ,  00079.50 , 312

-00206.05 , -00413.09 ,  00874.51 , -00026.89 , -00021.46 ,  00103.17 ,  00027.15 , -00034.35 ,  00078.45 , 313

-00200.68 , -00374.02 ,  00879.39 , -00031.59 , -00020.85 ,  00103.60 ,  00027.15 , -00034.35 ,  00078.45 , 314

-00201.17 , -00311.52 ,  00896.97 , -00031.71 , -00021.46 ,  00105.00 ,  00027.15 , -00034.35 ,  00078.45 , 315

-00195.80 , -00254.39 ,  00908.20 , -00036.59 , -00019.82 ,  00103.96 ,  00027.15 , -00034.35 ,  00078.45 , 317

-00189.45 , -00188.48 ,  00923.34 , -00036.04 , -00021.22 ,  00106.83 ,  00027.15 , -00034.35 ,  00078.45 , 318

-00192.87 , -00138.18 ,  00940.92 , -00040.91 , -00018.29 ,  00103.41 ,  00027.15 , -00034.35 ,  00078.45 , 319

-00193.85 , -00068.36 ,  00959.47 , -00041.89 , -00021.83 ,  00104.39 ,  00027.15 , -00034.35 ,  00078.45 , 320

-00193.85 , -00019.53 ,  00966.31 , -00045.24 , -00021.16 ,  00105.18 ,  00027.15 , -00034.35 ,  00078.45 , 321

-00196.78 ,  00044.43 ,  00986.82 , -00049.02 , -00020.73 ,  00100.98 ,  00027.15 , -00034.35 ,  00078.45 , 323

-00191.89 ,  00105.96 ,  01011.23 , -00052.68 , -00016.46 ,  00098.05 ,  00027.15 , -00034.35 ,  00078.45 , 324

-00182.13 ,  00178.71 ,  01018.07 , -00052.01 , -00020.06 ,  00099.57 ,  00027.15 , -00034.35 ,  00078.45 , 325

-00168.46 ,  00238.28 ,  01040.04 , -00057.44 , -00017.13 ,  00092.68 ,  00027.15 , -00034.35 ,  00078.45 , 326

-00177.25 ,  00293.95 ,  01030.27 , -00056.83 , -00019.57 ,  00092.56 ,  00027.15 , -00034.35 ,  00078.45 , 327

-00169.43 ,  00339.36 ,  01042.48 , -00060.49 , -00017.01 ,  00087.13 ,  00027.15 , -00034.35 ,  00078.45 , 329

-00173.83 ,  00397.46 ,  01052.25 , -00059.76 , -00017.62 ,  00085.00 ,  00027.15 , -00034.35 ,  00078.45 , 330

-00159.67 ,  00480.47 ,  01066.89 , -00062.20 , -00017.01 ,  00082.74 ,  00027.15 , -00034.35 ,  00078.45 , 331

-00158.69 ,  00522.46 ,  01064.45 , -00065.79 , -00015.98 ,  00076.04 ,  00027.15 , -00034.35 ,  00078.45 , 332

-00166.50 ,  00604.98 ,  01080.57 , -00065.43 , -00017.68 ,  00069.27 ,  00027.30 , -00032.55 ,  00079.35 , 333

-00162.60 ,  00657.23 ,  01092.29 , -00068.11 , -00016.22 ,  00070.79 ,  00027.30 , -00032.55 ,  00079.35 , 335

-00168.46 ,  00714.36 ,  01106.93 , -00065.67 , -00018.66 ,  00071.16 ,  00027.30 , -00032.55 ,  00079.35 , 336

-00163.09 ,  00751.46 ,  01112.79 , -00069.94 , -00014.21 ,  00062.38 ,  00027.30 , -00032.55 ,  00079.35 , 337

-00163.09 ,  00798.34 ,  01118.16 , -00068.41 , -00017.01 ,  00057.13 ,  00027.30 , -00032.55 ,  00079.35 , 338

-00176.27 ,  00846.68 ,  01114.26 , -00070.49 , -00017.13 ,  00050.37 ,  00027.30 , -00032.55 ,  00079.35 , 339

-00171.87 ,  00891.60 ,  01130.86 , -00067.99 , -00017.32 ,  00051.83 ,  00027.30 , -00032.55 ,  00079.35 , 341

-00151.86 ,  00929.69 ,  01137.70 , -00068.11 , -00013.54 ,  00049.09 ,  00027.30 , -00032.55 ,  00079.35 , 342

-00169.43 ,  00965.82 ,  01144.04 , -00065.37 , -00015.43 ,  00042.20 ,  00025.65 , -00030.15 ,  00080.55 , 343

-00168.46 ,  00998.54 ,  01143.55 , -00064.51 , -00015.73 ,  00036.77 ,  00025.65 , -00030.15 ,  00080.55 , 344

-00159.18 ,  01009.28 ,  01159.67 , -00059.21 , -00015.98 ,  00040.00 ,  00025.65 , -00030.15 ,  00080.55 , 346

-00169.92 ,  01048.34 ,  01166.99 , -00059.15 , -00012.68 ,  00036.40 ,  00025.65 , -00030.15 ,  00080.55 , 347

-00193.36 ,  01067.87 ,  01169.43 , -00055.30 , -00015.24 ,  00030.67 ,  00025.65 , -00030.15 ,  00080.55 , 348

-00186.52 ,  01095.21 ,  01175.78 , -00055.85 , -00012.50 ,  00027.26 ,  00025.65 , -00030.15 ,  00080.55 , 349

-00175.78 ,  01117.68 ,  01181.64 , -00052.26 , -00013.17 ,  00026.40 ,  00025.65 , -00030.15 ,  00080.55 , 350

-00160.16 ,  01135.25 ,  01193.36 , -00051.83 , -00009.45 ,  00017.01 ,  00025.65 , -00030.15 ,  00080.55 , 352

-00169.43 ,  01142.58 ,  01194.34 , -00045.18 , -00008.90 ,  00020.12 ,  00027.30 , -00031.50 ,  00078.90 , 353

-00176.76 ,  01165.04 ,  01195.80 , -00043.23 , -00007.44 ,  00015.12 ,  00027.30 , -00031.50 ,  00078.90 , 354

-00177.25 ,  01154.30 ,  01209.47 , -00040.67 , -00009.45 ,  00009.33 ,  00027.30 , -00031.50 ,  00078.90 , 355

-00200.68 ,  01163.09 ,  01210.94 , -00039.39 , -00005.79 ,  00005.85 ,  00027.30 , -00031.50 ,  00078.90 , 356

-00191.41 ,  01154.79 ,  01225.59 , -00037.80 , -00004.15 ,  00004.94 ,  00027.30 , -00031.50 ,  00078.90 , 358

-00189.45 ,  01171.39 ,  01218.26 , -00033.66 , -00006.34 ,  00004.45 ,  00027.30 , -00031.50 ,  00078.90 , 359

-00196.29 ,  01157.23 ,  01231.93 , -00033.60 , -00002.38 , -00002.74 ,  00027.30 , -00031.50 ,  00078.90 , 360

-00185.06 ,  01174.32 ,  01237.79 , -00028.90 , -00002.99 , -00003.72 ,  00027.30 , -00031.50 ,  00078.90 , 361

-00206.05 ,  01171.39 ,  01244.14 , -00029.57 ,  00000.91 , -00013.41 ,  00027.75 , -00030.75 ,  00078.90 , 362

-00195.31 ,  01163.57 ,  01239.26 , -00024.02 , -00000.98 , -00013.78 ,  00027.75 , -00030.75 ,  00078.90 , 364

-00203.61 ,  01173.34 ,  01242.68 , -00024.39 ,  00005.85 , -00012.50 ,  00027.75 , -00030.75 ,  00078.90 , 365

-00204.10 ,  01166.02 ,  01250.98 , -00021.04 ,  00001.83 , -00019.33 ,  00027.75 , -00030.75 ,  00078.90 , 366

-00201.66 ,  01155.27 ,  01253.42 , -00020.79 ,  00003.84 , -00027.56 ,  00027.75 , -00030.75 ,  00078.90 , 367

-00199.71 ,  01153.32 ,  01255.37 , -00017.56 ,  00003.11 , -00024.70 ,  00027.75 , -00030.75 ,  00078.90 , 368

-00212.40 ,  01140.63 ,  01254.39 , -00017.20 ,  00005.49 , -00029.09 ,  00027.75 , -00030.75 ,  00078.90 , 370

-00223.63 ,  01129.39 ,  01246.58 , -00011.46 ,  00004.57 , -00033.54 ,  00027.75 , -00030.75 ,  00078.90 , 371

-00223.63 ,  01129.88 ,  01259.77 , -00011.16 ,  00007.62 , -00033.48 ,  00027.75 , -00030.75 ,  00078.90 , 372

-00223.14 ,  01111.33 ,  01258.30 , -00010.49 ,  00002.87 , -00027.38 ,  00027.75 , -00030.75 ,  00078.90 , 373

-00216.31 ,  01096.68 ,  01273.44 , -00011.04 ,  00010.30 , -00035.12 ,  00027.75 , -00030.75 ,  00078.90 , 374

-00217.29 ,  01088.38 ,  01278.81 ,  00003.96 ,  00007.44 , -00040.73 ,  00027.75 , -00030.75 ,  00078.90 , 376

-00238.28 ,  01058.11 ,  01273.44 ,  00003.17 ,  00010.55 , -00046.71 ,  00027.75 , -00030.75 ,  00078.90 , 377

-00234.86 ,  01027.34 ,  01269.53 ,  00000.73 ,  00010.49 , -00042.99 ,  00027.75 , -00030.75 ,  00078.90 , 378

-00230.47 ,  01022.95 ,  01272.95 ,  00000.37 ,  00012.26 , -00046.34 ,  00027.75 , -00030.75 ,  00078.90 , 379

-00258.79 ,  00993.65 ,  01276.86 ,  00000.91 ,  00011.71 , -00037.80 ,  00027.75 , -00030.75 ,  00078.90 , 380

-00256.35 ,  00949.22 ,  01270.51 ,  00008.84 ,  00014.88 , -00046.83 ,  00027.75 , -00030.75 ,  00078.90 , 382

-00256.84 ,  00935.06 ,  01287.11 ,  00008.48 ,  00013.72 , -00048.66 ,  00026.55 , -00033.00 ,  00078.90 , 383

-00253.42 ,  00884.77 ,  01288.57 ,  00011.83 ,  00013.23 , -00056.46 ,  00026.55 , -00033.00 ,  00078.90 , 384

-00244.63 ,  00858.89 ,  01281.74 ,  00006.95 ,  00019.09 , -00057.74 ,  00026.55 , -00033.00 ,  00078.90 , 385

-00249.51 ,  00827.15 ,  01279.79 ,  00012.38 ,  00019.88 , -00055.67 ,  00026.55 , -00033.00 ,  00078.90 , 386

-00261.23 ,  00775.39 ,  01275.88 ,  00011.52 ,  00023.78 , -00061.83 ,  00026.55 , -00033.00 ,  00078.90 , 388

-00259.77 ,  00718.75 ,  01271.48 ,  00013.23 ,  00023.72 , -00063.78 ,  00026.55 , -00033.00 ,  00078.90 , 389

-00259.77 ,  00687.01 ,  01255.37 ,  00010.79 ,  00023.23 , -00066.77 ,  00026.55 , -00033.00 ,  00078.90 , 390

-00246.58 ,  00649.41 ,  01244.14 ,  00014.88 ,  00024.27 , -00069.82 ,  00026.55 , -00033.00 ,  00078.90 , 391

-00248.05 ,  00622.56 ,  01239.26 ,  00011.10 ,  00027.26 , -00071.46 ,  00027.15 , -00033.60 ,  00077.70 , 393

-00239.26 ,  00570.80 ,  01214.84 ,  00013.90 ,  00027.32 , -00069.09 ,  00027.15 , -00033.60 ,  00077.70 , 394

-00230.47 ,  00529.79 ,  01203.61 ,  00013.66 ,  00029.57 , -00072.13 ,  00027.15 , -00033.60 ,  00077.70 , 395

-00215.33 ,  00493.16 ,  01188.48 ,  00016.10 ,  00028.96 , -00080.30 ,  00027.15 , -00033.60 ,  00077.70 , 396

-00220.70 ,  00426.76 ,  01183.59 ,  00013.60 ,  00030.12 , -00083.54 ,  00027.15 , -00033.60 ,  00077.70 , 397

-00207.52 ,  00376.46 ,  01169.43 ,  00016.89 ,  00029.76 , -00073.96 ,  00027.15 , -00033.60 ,  00077.70 , 399

-00202.15 ,  00354.49 ,  01143.55 ,  00015.67 ,  00033.48 , -00079.76 ,  00027.15 , -00033.60 ,  00077.70 , 400

-00199.71 ,  00281.25 ,  01140.63 ,  00020.49 ,  00030.43 , -00081.46 ,  00027.15 , -00033.60 ,  00077.70 , 401

-00189.45 ,  00267.09 ,  01126.46 ,  00012.50 ,  00031.40 , -00084.45 ,  00027.15 , -00033.60 ,  00077.70 , 402

-00195.80 ,  00210.45 ,  01095.70 ,  00017.32 ,  00030.85 , -00085.79 ,  00026.40 , -00033.90 ,  00079.50 , 403

-00175.78 ,  00169.43 ,  01088.87 ,  00019.76 ,  00033.23 , -00087.13 ,  00026.40 , -00033.90 ,  00079.50 , 405

-00184.08 ,  00138.18 ,  01072.27 ,  00020.98 ,  00031.16 , -00084.27 ,  00026.40 , -00033.90 ,  00079.50 , 406

-00171.39 ,  00099.12 ,  01077.15 ,  00021.16 ,  00031.28 , -00085.79 ,  00026.40 , -00033.90 ,  00079.50 , 407

-00163.57 ,  00039.06 ,  01050.78 ,  00021.22 ,  00032.74 , -00086.59 ,  00026.40 , -00033.90 ,  00079.50 , 408

-00202.64 , -00041.50 ,  01033.20 ,  00025.79 ,  00031.10 , -00085.79 ,  00026.40 , -00033.90 ,  00079.50 , 409

-00174.32 , -00059.08 ,  01011.72 ,  00022.56 ,  00032.26 , -00088.41 ,  00026.40 , -00033.90 ,  00079.50 , 411

-00162.11 , -00106.45 ,  00991.21 ,  00024.21 ,  00027.07 , -00086.34 ,  00026.40 , -00033.90 ,  00079.50 , 412

-00134.28 , -00140.62 ,  00991.21 ,  00022.99 ,  00028.54 , -00089.76 ,  00028.05 , -00035.55 ,  00079.35 , 413

-00129.39 , -00187.01 ,  01002.44 ,  00027.01 ,  00026.22 , -00084.27 ,  00028.05 , -00035.55 ,  00079.35 , 414

-00134.28 , -00223.14 ,  00991.21 ,  00026.95 ,  00026.40 , -00087.56 ,  00028.05 , -00035.55 ,  00079.35 , 415

-00152.34 , -00260.74 ,  00972.17 ,  00028.96 ,  00025.61 , -00087.50 ,  00028.05 , -00035.55 ,  00079.35 , 417

-00147.46 , -00303.22 ,  00968.75 ,  00029.63 ,  00025.73 , -00088.90 ,  00028.05 , -00035.55 ,  00079.35 , 418

-00146.48 , -00351.56 ,  00951.66 ,  00030.12 ,  00022.38 , -00086.04 ,  00028.05 , -00035.55 ,  00079.35 , 419

-00166.02 , -00375.00 ,  00949.22 ,  00031.04 ,  00021.04 , -00086.34 ,  00028.05 , -00035.55 ,  00079.35 , 420

-00172.36 , -00399.41 ,  00969.73 ,  00033.11 ,  00019.09 , -00084.88 ,  00028.05 , -00035.55 ,  00079.35 , 421

-00159.67 , -00449.71 ,  00961.91 ,  00032.01 ,  00018.11 , -00081.34 ,  00028.05 , -00035.55 ,  00079.35 , 423

-00167.97 , -00470.70 ,  00943.85 ,  00034.21 ,  00018.41 , -00082.07 ,  00028.05 , -00035.55 ,  00079.35 , 424

-00175.78 , -00508.30 ,  00952.64 ,  00033.84 ,  00016.65 , -00079.76 ,  00028.05 , -00035.55 ,  00079.35 , 425

-00178.22 , -00540.04 ,  00946.29 ,  00036.46 ,  00013.78 , -00077.01 ,  00028.05 , -00035.55 ,  00079.35 , 426

-00186.04 , -00567.87 ,  00953.12 ,  00035.12 ,  00015.43 , -00077.01 ,  00028.05 , -00035.55 ,  00079.35 , 427

-00200.20 , -00625.49 ,  00960.94 ,  00038.72 ,  00014.82 , -00069.88 ,  00028.05 , -00035.55 ,  00079.35 , 429

-00202.15 , -00647.46 ,  00956.05 ,  00035.49 ,  00017.26 , -00072.38 ,  00028.05 , -00035.55 ,  00079.35 , 430

-00211.43 , -00689.94 ,  00943.85 ,  00037.20 ,  00013.96 , -00067.93 ,  00028.05 , -00035.55 ,  00079.35 , 431

-00215.82 , -00745.61 ,  00935.55 ,  00038.90 ,  00011.10 , -00065.67 ,  00028.05 , -00035.55 ,  00079.35 , 432

-00207.52 , -00778.32 ,  00932.13 ,  00039.21 ,  00012.13 , -00060.67 ,  00026.40 , -00039.15 ,  00077.40 , 433

-00229.00 , -00795.90 ,  00929.20 ,  00042.50 ,  00013.72 , -00056.71 ,  00026.40 , -00039.15 ,  00077.40 , 435

-00223.63 , -00844.24 ,  00940.92 ,  00038.66 ,  00012.07 , -00055.30 ,  00026.40 , -00039.15 ,  00077.40 , 436

-00239.75 , -00882.81 ,  00939.94 ,  00043.23 ,  00011.28 , -00051.95 ,  00026.40 , -00039.15 ,  00077.40 , 437

-00235.84 , -00907.23 ,  00924.32 ,  00042.62 ,  00009.88 , -00048.35 ,  00026.40 , -00039.15 ,  00077.40 , 438

-00236.33 , -00940.92 ,  00922.85 ,  00042.20 ,  00009.88 , -00042.87 ,  00026.40 , -00039.15 ,  00077.40 , 440

-00248.54 , -00971.19 ,  00924.32 ,  00041.95 ,  00008.35 , -00038.60 ,  00026.40 , -00039.15 ,  00077.40 , 441

-00263.18 , -01008.30 ,  00923.83 ,  00042.87 ,  00005.73 , -00033.29 ,  00026.40 , -00039.15 ,  00077.40 , 442

-00264.16 , -01014.16 ,  00920.41 ,  00039.57 ,  00009.33 , -00031.28 ,  00026.55 , -00039.45 ,  00076.50 , 443

-00283.69 , -01046.88 ,  00936.52 ,  00042.01 ,  00004.33 , -00024.57 ,  00026.55 , -00039.45 ,  00076.50 , 444

-00280.76 , -01045.90 ,  00913.57 ,  00042.50 ,  00005.55 , -00029.57 ,  00026.55 , -00039.45 ,  00076.50 , 446

-00271.00 , -01063.48 ,  00916.99 ,  00043.72 ,  00003.41 , -00021.16 ,  00026.55 , -00039.45 ,  00076.50 , 447

-00279.79 , -01072.27 ,  00920.90 ,  00039.57 ,  00004.02 , -00014.45 ,  00026.55 , -00039.45 ,  00076.50 , 448

-00301.76 , -01103.03 ,  00925.29 ,  00040.85 ,  00002.62 , -00009.88 ,  00026.55 , -00039.45 ,  00076.50 , 449

-00289.06 , -01097.17 ,  00922.85 ,  00038.17 ,  00004.15 , -00008.78 ,  00026.55 , -00039.45 ,  00076.50 , 450

-00300.78 , -01119.14 ,  00923.83 ,  00036.22 , -00001.52 , -00003.60 ,  00026.55 , -00039.45 ,  00076.50 , 452

-00313.96 , -01118.16 ,  00918.46 ,  00032.26 ,  00001.65 ,  00004.21 ,  00026.55 , -00039.45 ,  00076.50 , 453

-00301.27 , -01121.09 ,  00917.97 ,  00032.68 , -00001.65 ,  00009.45 ,  00026.55 , -00039.45 ,  00076.50 , 454

-00312.99 , -01130.86 ,  00911.13 ,  00031.77 , -00001.40 ,  00010.61 ,  00026.55 , -00039.45 ,  00076.50 , 455

-00312.01 , -01144.04 ,  00908.20 ,  00028.29 , -00002.80 ,  00014.76 ,  00026.55 , -00039.45 ,  00076.50 , 456

-00300.78 , -01147.46 ,  00906.74 ,  00031.34 , -00002.20 ,  00020.12 ,  00026.55 , -00039.45 ,  00076.50 , 458

-00297.36 , -01154.30 ,  00910.64 ,  00027.44 ,  00001.34 ,  00023.29 ,  00026.55 , -00039.45 ,  00076.50 , 459

-00320.80 , -01159.67 ,  00899.90 ,  00025.55 , -00000.49 ,  00026.28 ,  00026.55 , -00039.45 ,  00076.50 , 460

-00329.59 , -01151.37 ,  00896.00 ,  00025.37 , -00000.61 ,  00029.45 ,  00026.55 , -00039.45 ,  00076.50 , 461

-00314.45 , -01146.97 ,  00885.74 ,  00024.76 , -00003.29 ,  00034.33 ,  00026.55 , -00039.45 ,  00076.50 , 462

-00309.57 , -01154.30 ,  00890.62 ,  00019.82 , -00001.46 ,  00036.22 ,  00027.90 , -00039.15 ,  00076.65 , 464

-00310.06 , -01145.02 ,  00887.21 ,  00019.82 , -00002.56 ,  00039.45 ,  00027.90 , -00039.15 ,  00076.65 , 465

-00298.83 , -01156.74 ,  00863.28 ,  00017.56 , -00001.71 ,  00042.62 ,  00027.90 , -00039.15 ,  00076.65 , 466

-00297.36 , -01132.32 ,  00845.70 ,  00021.52 , -00002.44 ,  00050.00 ,  00027.90 , -00039.15 ,  00076.65 , 467

-00278.81 , -01127.44 ,  00834.47 ,  00014.94 ,  00001.65 ,  00045.98 ,  00027.90 , -00039.15 ,  00076.65 , 468

-00276.86 , -01112.79 ,  00818.36 ,  00012.20 , -00004.21 ,  00055.98 ,  00027.90 , -00039.15 ,  00076.65 , 470

-00264.65 , -01112.79 ,  00816.89 ,  00012.87 , -00003.17 ,  00057.68 ,  00027.90 , -00039.15 ,  00076.65 , 471

-00262.70 , -01092.29 ,  00803.22 ,  00014.27 , -00003.29 ,  00060.43 ,  00027.90 , -00039.15 ,  00076.65 , 472

-00255.37 , -01091.31 ,  00800.78 ,  00008.29 , -00002.13 ,  00061.16 ,  00027.15 , -00038.40 ,  00076.65 , 473

-00256.35 , -01068.36 ,  00781.25 ,  00008.54 , -00004.02 ,  00068.54 ,  00027.15 , -00038.40 ,  00076.65 , 474

-00252.44 , -01060.06 ,  00770.02 ,  00004.51 , -00002.01 ,  00070.55 ,  00027.15 , -00038.40 ,  00076.65 , 476

-00240.72 , -01028.32 ,  00757.81 ,  00005.37 , -00007.56 ,  00069.76 ,  00027.15 , -00038.40 ,  00076.65 , 477

-00237.30 , -01018.55 ,  00786.13 , -00000.49 , -00005.12 ,  00069.63 ,  00027.15 , -00038.40 ,  00076.65 , 478

-00225.10 , -00984.37 ,  00776.86 , -00000.85 , -00004.02 ,  00073.11 ,  00027.15 , -00038.40 ,  00076.65 , 479

-00236.82 , -00954.10 ,  00764.65 , -00000.24 , -00008.23 ,  00077.80 ,  00027.15 , -00038.40 ,  00076.65 , 480

-00230.47 , -00926.27 ,  00757.81 , -00006.71 , -00007.26 ,  00081.65 ,  00027.15 , -00038.40 ,  00076.65 , 482

-00223.63 , -00892.58 ,  00757.81 , -00003.17 , -00010.61 ,  00080.30 ,  00027.75 , -00036.75 ,  00076.65 , 483

-00233.40 , -00875.98 ,  00758.30 , -00010.67 , -00011.34 ,  00079.82 ,  00027.75 , -00036.75 ,  00078.30 , 484

-00205.08 , -00833.01 ,  00766.11 , -00011.22 , -00011.71 ,  00084.57 ,  00027.75 , -00036.75 ,  00078.30 , 485

-00216.80 , -00792.97 ,  00759.77 , -00014.39 , -00011.04 ,  00086.40 ,  00027.75 , -00036.75 ,  00078.30 , 486

-00202.15 , -00752.93 ,  00769.04 , -00013.11 , -00013.11 ,  00088.78 ,  00027.75 , -00036.75 ,  00078.30 , 488

-00206.54 , -00713.38 ,  00777.83 , -00016.77 , -00009.88 ,  00088.90 ,  00027.75 , -00036.75 ,  00078.30 , 489

-00197.27 , -00673.34 ,  00778.81 , -00017.62 , -00015.61 ,  00093.90 ,  00027.75 , -00036.75 ,  00078.30 , 490

-00183.59 , -00620.61 ,  00786.13 , -00022.80 , -00010.67 ,  00088.72 ,  00027.75 , -00036.75 ,  00078.30 , 491

-00189.94 , -00578.61 ,  00801.27 , -00023.05 , -00016.04 ,  00092.62 ,  00027.90 , -00036.75 ,  00078.30 , 493

-00193.36 , -00526.86 ,  00813.48 , -00027.68 , -00013.23 ,  00095.00 ,  00027.90 , -00035.10 ,  00079.50 , 494

-00183.11 , -00497.07 ,  00805.66 , -00028.11 , -00015.37 ,  00095.12 ,  00027.90 , -00035.10 ,  00079.50 , 495

-00190.92 , -00452.15 ,  00813.96 , -00031.65 , -00014.27 ,  00094.57 ,  00027.90 , -00035.10 ,  00079.50 , 496

-00189.45 , -00408.69 ,  00821.78 , -00033.60 , -00014.82 ,  00096.52 ,  00027.90 , -00035.10 ,  00079.50 , 497

-00162.11 , -00352.05 ,  00837.89 , -00038.48 , -00014.70 ,  00095.85 ,  00027.90 , -00035.10 ,  00079.50 , 499

-00174.32 , -00300.78 ,  00852.54 , -00037.07 , -00016.52 ,  00096.77 ,  00027.90 , -00035.10 ,  00079.50 , 500

-00176.76 , -00267.58 ,  00846.68 , -00042.26 , -00013.66 ,  00093.96 ,  00027.90 , -00035.10 ,  00079.50 , 501

-00188.96 , -00216.31 ,  00870.61 , -00042.56 , -00016.95 ,  00098.41 ,  00027.90 , -00035.10 ,  00079.50 , 502

-00181.64 , -00170.90 ,  00863.77 , -00045.73 , -00016.16 ,  00091.22 ,  00027.90 , -00035.10 ,  00079.50 , 503

-00180.18 , -00144.53 ,  00882.32 , -00046.46 , -00016.10 ,  00093.78 ,  00027.90 , -00035.10 ,  00079.50 , 505

-00173.34 , -00081.54 ,  00890.14 , -00049.02 , -00015.12 ,  00092.13 ,  00027.90 , -00035.10 ,  00079.50 , 506

-00169.43 , -00044.92 ,  00906.74 , -00052.44 , -00015.67 ,  00090.91 ,  00027.90 , -00035.10 ,  00079.50 , 507

-00163.09 ,  00009.28 ,  00909.18 , -00051.65 , -00018.23 ,  00086.89 ,  00027.90 , -00035.10 ,  00079.50 , 508

-00183.11 ,  00047.85 ,  00910.64 , -00054.51 , -00015.24 ,  00083.78 ,  00027.90 , -00035.10 ,  00079.50 , 509

-00164.06 ,  00106.45 ,  00924.32 , -00057.07 , -00017.32 ,  00084.57 ,  00027.90 , -00035.10 ,  00079.50 , 511

-00147.95 ,  00147.46 ,  00941.41 , -00058.41 , -00018.11 ,  00079.45 ,  00027.90 , -00035.10 ,  00079.50 , 512

-00148.93 ,  00190.92 ,  00954.59 , -00056.40 , -00019.21 ,  00081.71 ,  00027.60 , -00033.15 ,  00078.75 , 513

-00153.32 ,  00244.14 ,  00954.10 , -00060.00 , -00015.91 ,  00076.10 ,  00027.60 , -00033.15 ,  00078.75 , 514

-00173.34 ,  00290.53 ,  00954.10 , -00059.57 , -00020.67 ,  00075.79 ,  00027.60 , -00033.15 ,  00078.75 , 515

-00176.76 ,  00328.12 ,  00974.12 , -00061.28 , -00017.68 ,  00070.67 ,  00027.60 , -00033.15 ,  00078.75 , 517

-00161.62 ,  00380.86 ,  01000.00 , -00060.79 , -00021.10 ,  00075.06 ,  00027.60 , -00033.15 ,  00078.75 , 518

-00180.66 ,  00403.32 ,  01003.91 , -00057.62 , -00020.37 ,  00077.20 ,  00027.60 , -00033.15 ,  00078.75 , 519

-00197.75 ,  00453.61 ,  01027.83 , -00059.94 , -00022.68 ,  00072.26 ,  00027.60 , -00033.15 ,  00078.75 , 520

-00187.99 ,  00493.65 ,  01051.76 , -00060.18 , -00023.29 ,  00064.02 ,  00027.60 , -00033.15 ,  00078.75 , 521

-00171.87 ,  00545.41 ,  01060.06 , -00057.44 , -00018.54 ,  00065.61 ,  00028.20 , -00030.90 ,  00079.20 , 523

-00179.20 ,  00564.45 ,  01059.08 , -00060.55 , -00020.00 ,  00066.65 ,  00028.20 , -00030.90 ,  00079.20 , 524

-00177.73 ,  00603.52 ,  01077.15 , -00058.11 , -00022.62 ,  00066.65 ,  00028.20 , -00030.90 ,  00079.20 , 525

-00185.06 ,  00626.95 ,  01080.57 , -00058.66 , -00020.00 ,  00059.82 ,  00028.20 , -00030.90 ,  00079.20 , 526

-00168.46 ,  00676.27 ,  01106.45 , -00054.94 , -00019.15 ,  00059.88 ,  00028.20 , -00030.90 ,  00079.20 , 527

-00185.06 ,  00698.73 ,  01106.93 , -00056.52 , -00020.79 ,  00058.84 ,  00028.20 , -00030.90 ,  00079.20 , 529

-00190.43 ,  00728.03 ,  01134.28 , -00056.28 , -00018.72 ,  00057.20 ,  00028.20 , -00030.90 ,  00079.20 , 530

-00200.20 ,  00766.11 ,  01158.69 , -00052.74 , -00016.65 ,  00053.96 ,  00028.20 , -00030.90 ,  00079.20 , 531

-00200.20 ,  00809.57 ,  01157.23 , -00052.99 , -00016.10 ,  00048.84 ,  00028.20 , -00030.90 ,  00079.20 , 532

-00218.26 ,  00840.82 ,  01173.83 , -00053.78 , -00016.34 ,  00046.22 ,  00027.30 , -00031.80 ,  00079.35 , 533

-00199.71 ,  00874.02 ,  01183.59 , -00053.96 , -00014.21 ,  00044.57 ,  00027.30 , -00031.80 ,  00079.35 , 535

-00183.59 ,  00902.83 ,  01186.52 , -00050.49 , -00014.70 ,  00043.23 ,  00027.30 , -00031.80 ,  00079.35 , 536

-00183.11 ,  00931.15 ,  01203.61 , -00050.79 , -00009.15 ,  00033.60 ,  00027.30 , -00031.80 ,  00079.35 , 537

-00188.48 ,  00949.22 ,  01207.52 , -00048.66 , -00014.02 ,  00032.56 ,  00027.30 , -00031.80 ,  00079.35 , 538

-00201.17 ,  00968.26 ,  01208.98 , -00048.90 , -00008.54 ,  00029.70 ,  00027.30 , -00031.80 ,  00079.35 , 540

-00196.78 ,  00989.75 ,  01202.64 , -00044.27 , -00008.72 ,  00029.02 ,  00027.30 , -00031.80 ,  00079.35 , 541

-00200.68 ,  01005.37 ,  01225.59 , -00047.13 , -00007.07 ,  00021.10 ,  00027.30 , -00031.80 ,  00079.35 , 542

-00195.80 ,  01017.09 ,  01222.66 , -00044.76 , -00007.74 ,  00018.66 ,  00026.40 , -00030.45 ,  00078.75 , 543

-00205.08 ,  01025.88 ,  01229.98 , -00043.54 , -00006.71 ,  00016.52 ,  00026.40 , -00030.45 ,  00078.75 , 544

-00213.38 ,  01043.95 ,  01220.70 , -00038.78 , -00005.91 ,  00014.45 ,  00026.40 , -00030.45 ,  00078.75 , 546

-00190.92 ,  01048.83 ,  01231.93 , -00039.88 , -00003.48 ,  00008.41 ,  00026.40 , -00030.45 ,  00078.75 , 547

-00200.68 ,  01067.38 ,  01237.30 , -00036.89 , -00003.23 ,  00008.17 ,  00026.40 , -00030.45 ,  00078.75 , 548

-00194.34 ,  01063.48 ,  01231.93 , -00035.98 , -00000.73 ,  00001.65 ,  00026.40 , -00030.45 ,  00078.75 , 549

-00196.29 ,  01056.15 ,  01234.86 , -00029.70 ,  00000.00 , -00002.68 ,  00026.40 , -00030.45 ,  00078.75 , 550

-00207.03 ,  01083.98 ,  01256.35 , -00031.34 ,  00002.44 , -00000.85 ,  00026.40 , -00030.45 ,  00078.75 , 552

-00217.77 ,  01070.31 ,  01250.49 , -00027.87 , -00000.30 , -00007.07 ,  00026.40 , -00030.45 ,  00078.75 , 553

-00205.57 ,  01087.40 ,  01262.70 , -00029.57 ,  00005.91 , -00012.44 ,  00026.40 , -00030.45 ,  00078.75 , 554

-00205.08 ,  01070.80 ,  01264.65 , -00022.87 ,  00002.74 , -00010.79 ,  00026.40 , -00030.45 ,  00078.75 , 555

-00216.80 ,  01069.34 ,  01263.67 , -00023.05 ,  00004.21 , -00013.48 ,  00026.40 , -00030.45 ,  00078.75 , 556

-00217.29 ,  01069.34 ,  01254.39 , -00020.79 ,  00005.55 , -00016.59 ,  00026.40 , -00030.45 ,  00078.75 , 558

-00211.91 ,  01061.52 ,  01258.79 , -00017.87 ,  00005.98 , -00019.27 ,  00026.40 , -00030.45 ,  00078.75 , 559

-00219.73 ,  01071.78 ,  01250.98 , -00007.01 ,  00012.20 , -00037.13 ,  00026.40 , -00030.45 ,  00078.75 , 560

-00220.21 ,  01047.85 ,  01263.18 , -00014.09 ,  00005.37 , -00038.17 ,  00026.40 , -00030.45 ,  00078.75 , 561

-00243.65 ,  01045.41 ,  01269.53 , -00013.90 ,  00011.52 , -00023.48 ,  00026.40 , -00030.45 ,  00078.75 , 562

-00245.61 ,  01031.74 ,  01285.64 , -00008.17 ,  00010.79 , -00022.93 ,  00026.55 , -00029.55 ,  00079.35 , 564

-00257.32 ,  01029.30 ,  01281.25 , -00009.88 ,  00012.50 , -00036.34 ,  00026.55 , -00029.55 ,  00079.35 , 565

-00250.49 ,  01021.97 ,  01279.79 , -00007.93 ,  00010.24 , -00039.39 ,  00026.55 , -00029.55 ,  00079.35 , 566

-00249.51 ,  01013.18 ,  01283.69 , -00005.06 ,  00013.29 , -00038.78 ,  00026.55 , -00029.55 ,  00079.35 , 567

-00258.79 ,  00993.16 ,  01308.11 , -00000.18 ,  00011.71 , -00035.98 ,  00026.55 , -00029.55 ,  00079.35 , 568

-00258.30 ,  00980.96 ,  01294.92 , -00002.38 ,  00017.01 , -00044.45 ,  00026.55 , -00029.55 ,  00079.35 , 570

-00258.30 ,  00954.10 ,  01279.30 , -00000.30 ,  00014.09 , -00046.52 ,  00026.55 , -00029.55 ,  00079.35 , 571

-00252.44 ,  00934.08 ,  01291.50 ,  00003.41 ,  00018.96 , -00033.35 ,  00026.55 , -00029.55 ,  00079.35 , 572

-00250.00 ,  00914.06 ,  01280.27 ,  00005.43 ,  00018.96 , -00043.84 ,  00026.85 , -00030.90 ,  00077.70 , 573

-00254.88 ,  00886.23 ,  01280.27 ,  00000.85 ,  00020.55 , -00060.18 ,  00026.85 , -00030.90 ,  00077.70 , 574

-00244.63 ,  00844.73 ,  01273.44 ,  00007.01 ,  00023.17 , -00050.85 ,  00026.85 , -00030.90 ,  00077.70 , 576

-00256.35 ,  00804.20 ,  01264.65 ,  00006.59 ,  00026.77 , -00055.12 ,  00026.85 , -00030.90 ,  00077.70 , 577

-00270.51 ,  00775.39 ,  01250.00 ,  00008.23 ,  00021.71 , -00056.89 ,  00026.85 , -00030.90 ,  00077.70 , 578

-00277.34 ,  00737.79 ,  01261.72 ,  00005.73 ,  00029.27 , -00060.30 ,  00026.85 , -00030.90 ,  00077.70 , 579

-00275.88 ,  00717.29 ,  01250.00 ,  00009.88 ,  00027.07 , -00062.74 ,  00026.85 , -00030.90 ,  00077.70 , 580

-00261.23 ,  00686.04 ,  01237.79 ,  00010.24 ,  00027.38 , -00064.51 ,  00026.85 , -00030.90 ,  00077.70 , 582

-00271.97 ,  00662.60 ,  01231.93 ,  00011.40 ,  00029.15 , -00070.98 ,  00026.85 , -00030.90 ,  00077.70 , 583

-00268.07 ,  00632.81 ,  01230.96 ,  00013.48 ,  00031.83 , -00057.38 ,  00028.05 , -00033.00 ,  00077.85 , 584

-00271.48 ,  00601.07 ,  01216.80 ,  00013.23 ,  00035.55 , -00071.04 ,  00028.05 , -00033.00 ,  00077.85 , 585

-00270.51 ,  00569.34 ,  01198.73 ,  00012.50 ,  00034.94 , -00077.20 ,  00028.05 , -00033.00 ,  00077.85 , 587

-00265.14 ,  00543.46 ,  01185.06 ,  00010.61 ,  00036.04 , -00078.35 ,  00028.05 , -00033.00 ,  00077.85 , 588

-00254.39 ,  00492.19 ,  01172.36 ,  00011.77 ,  00035.30 , -00070.30 ,  00028.05 , -00033.00 ,  00077.85 , 589

-00254.39 ,  00465.82 ,  01146.00 ,  00012.74 ,  00034.21 , -00075.49 ,  00028.05 , -00033.00 ,  00077.85 , 590

-00249.51 ,  00421.39 ,  01153.81 ,  00014.39 ,  00039.82 , -00080.30 ,  00028.05 , -00033.00 ,  00077.85 , 591

-00247.56 ,  00400.39 ,  01129.88 ,  00013.41 ,  00040.00 , -00083.35 ,  00028.05 , -00033.00 ,  00077.85 , 593

-00227.54 ,  00357.91 ,  01107.91 ,  00016.59 ,  00037.50 , -00080.18 ,  00028.05 , -00031.80 ,  00077.85 , 594

-00215.82 ,  00309.57 ,  01090.33 ,  00016.34 ,  00042.99 , -00080.98 ,  00028.05 , -00031.80 ,  00077.85 , 595

-00205.57 ,  00271.48 ,  01067.38 ,  00021.34 ,  00036.95 , -00079.33 ,  00028.05 , -00031.80 ,  00077.85 , 596

-00207.03 ,  00224.61 ,  01057.62 ,  00020.06 ,  00040.00 , -00090.12 ,  00028.05 , -00031.80 ,  00077.85 , 597

-00221.19 ,  00181.15 ,  01058.59 ,  00021.59 ,  00040.67 , -00083.84 ,  00028.05 , -00031.80 ,  00077.85 , 599

-00216.31 ,  00115.23 ,  01021.48 ,  00019.82 ,  00040.06 , -00084.51 ,  00028.05 , -00031.80 ,  00077.85 , 600

-00188.48 ,  00091.31 ,  01002.93 ,  00023.60 ,  00039.02 , -00085.73 ,  00028.05 , -00031.80 ,  00077.85 , 601

-00149.41 ,  00053.71 ,  00983.89 ,  00023.23 ,  00040.85 , -00093.72 ,  00028.05 , -00031.80 ,  00077.85 , 602

-00132.81 , -00011.72 ,  00977.05 ,  00025.85 ,  00039.63 , -00093.17 ,  00027.60 , -00035.10 ,  00076.95 , 603

-00121.09 , -00047.36 ,  00956.54 ,  00024.09 ,  00039.09 , -00095.67 ,  00027.60 , -00035.10 ,  00076.95 , 605

-00147.95 , -00078.61 ,  00949.71 ,  00027.26 ,  00036.40 , -00097.44 ,  00027.60 , -00035.10 ,  00076.95 , 606

-00154.30 , -00112.30 ,  00923.83 ,  00027.50 ,  00034.27 , -00098.66 ,  00027.60 , -00035.10 ,  00076.95 , 607

-00158.20 , -00172.36 ,  00913.57 ,  00027.50 ,  00035.43 , -00096.46 ,  00027.60 , -00035.10 ,  00076.95 , 608

-00143.07 , -00207.03 ,  00903.81 ,  00030.43 ,  00032.13 , -00098.96 ,  00027.60 , -00035.10 ,  00076.95 , 609

-00139.16 , -00240.72 ,  00912.11 ,  00028.84 ,  00033.48 , -00100.73 ,  00027.60 , -00035.10 ,  00076.95 , 611

-00148.44 , -00278.81 ,  00885.74 ,  00031.83 ,  00030.61 , -00101.04 ,  00027.60 , -00035.10 ,  00076.95 , 612

-00142.09 , -00325.68 ,  00887.70 ,  00031.71 ,  00028.84 , -00101.52 ,  00027.60 , -00035.10 ,  00076.95 , 613

-00148.44 , -00372.56 ,  00876.95 ,  00034.94 ,  00026.40 , -00095.49 ,  00027.90 , -00036.90 ,  00076.65 , 614

-00152.83 , -00425.29 ,  00870.61 ,  00033.35 ,  00029.09 , -00103.05 ,  00027.90 , -00036.90 ,  00076.65 , 615

-00168.46 , -00472.17 ,  00862.79 ,  00035.61 ,  00021.89 , -00097.80 ,  00027.90 , -00036.90 ,  00076.65 , 617

-00157.23 , -00508.79 ,  00870.12 ,  00036.04 ,  00023.90 , -00094.88 ,  00027.90 , -00036.90 ,  00076.65 , 618

-00166.02 , -00553.71 ,  00863.28 ,  00038.54 ,  00018.23 , -00090.00 ,  00027.90 , -00036.90 ,  00076.65 , 619

-00166.02 , -00603.52 ,  00862.30 ,  00040.00 ,  00022.87 , -00089.21 ,  00027.90 , -00036.90 ,  00076.65 , 620

-00174.80 , -00639.16 ,  00846.19 ,  00042.01 ,  00018.05 , -00085.49 ,  00027.90 , -00036.90 ,  00076.65 , 621

-00171.39 , -00689.45 ,  00845.21 ,  00042.56 ,  00017.01 , -00080.85 ,  00027.90 , -00036.90 ,  00076.65 , 623

-00191.41 , -00747.56 ,  00846.68 ,  00047.32 ,  00017.01 , -00074.09 ,  00028.05 , -00036.75 ,  00076.50 , 624

-00187.50 , -00791.50 ,  00840.33 ,  00045.24 ,  00013.90 , -00073.78 ,  00028.05 , -00036.75 ,  00076.50 , 625

-00195.31 , -00823.73 ,  00831.54 ,  00049.45 ,  00011.16 , -00069.15 ,  00028.05 , -00036.75 ,  00076.50 , 626

-00197.75 , -00868.65 ,  00837.40 ,  00052.20 ,  00012.99 , -00063.54 ,  00028.05 , -00036.75 ,  00076.50 , 627

-00196.29 , -00913.09 ,  00826.66 ,  00055.43 ,  00008.05 , -00059.09 ,  00028.05 , -00036.75 ,  00076.50 , 629

-00214.36 , -00958.50 ,  00826.66 ,  00052.38 ,  00007.38 , -00055.06 ,  00028.05 , -00036.75 ,  00076.50 , 630

-00208.50 , -00976.07 ,  00818.85 ,  00055.98 ,  00005.30 , -00046.83 ,  00028.05 , -00036.75 ,  00076.50 , 631

-00227.05 , -01019.04 ,  00815.43 ,  00051.71 ,  00004.27 , -00045.12 ,  00028.05 , -00036.75 ,  00076.50 , 632

-00236.33 , -01022.46 ,  00833.50 ,  00058.54 ,  00002.07 , -00034.45 ,  00028.05 , -00036.75 ,  00076.50 , 634

-00239.75 , -01055.18 ,  00838.38 ,  00057.32 ,  00002.56 , -00034.39 ,  00028.05 , -00036.75 ,  00076.50 , 635

-00242.68 , -01067.38 ,  00825.68 ,  00057.99 , -00000.30 , -00029.15 ,  00028.05 , -00036.75 ,  00076.50 , 636

-00252.93 , -01086.91 ,  00834.96 ,  00059.21 , -00004.63 , -00022.50 ,  00028.05 , -00036.75 ,  00076.50 , 637

-00252.44 , -01095.70 ,  00833.50 ,  00055.79 , -00003.05 , -00019.45 ,  00028.05 , -00036.75 ,  00076.50 , 638

-00279.30 , -01109.86 ,  00854.49 ,  00058.17 , -00007.93 , -00012.44 ,  00028.05 , -00036.75 ,  00076.50 , 640

-00277.83 , -01120.61 ,  00856.93 ,  00055.67 , -00005.91 , -00005.43 ,  00028.05 , -00036.75 ,  00076.50 , 641

-00283.20 , -01129.88 ,  00864.26 ,  00055.79 , -00009.15 , -00001.65 ,  00028.05 , -00036.75 ,  00076.50 , 642

-00285.16 , -01138.67 ,  00873.05 ,  00052.99 , -00006.77 ,  00004.57 ,  00029.70 , -00038.40 ,  00075.15 , 643

-00293.95 , -01142.09 ,  00881.35 ,  00054.39 , -00012.26 ,  00011.40 ,  00029.70 , -00038.40 ,  00075.15 , 644

-00279.30 , -01146.97 ,  00883.79 ,  00052.74 , -00010.85 ,  00012.74 ,  00029.70 , -00038.40 ,  00075.15 , 646

-00291.50 , -01147.46 ,  00892.58 ,  00050.73 , -00011.71 ,  00021.28 ,  00029.70 , -00038.40 ,  00075.15 , 647

-00280.27 , -01156.74 ,  00875.49 ,  00049.09 , -00014.45 ,  00023.66 ,  00029.70 , -00038.40 ,  00075.15 , 648

-00294.43 , -01180.18 ,  00887.70 ,  00051.10 , -00013.90 ,  00026.46 ,  00029.70 , -00038.40 ,  00075.15 , 649

-00289.06 , -01172.85 ,  00890.62 ,  00047.13 , -00012.44 ,  00032.20 ,  00029.70 , -00038.40 ,  00075.15 , 650

-00300.78 , -01159.67 ,  00894.04 ,  00049.63 , -00014.88 ,  00036.95 ,  00029.70 , -00038.40 ,  00075.15 , 652

-00301.76 , -01168.95 ,  00897.46 ,  00043.84 , -00016.04 ,  00033.84 ,  00027.00 , -00040.20 ,  00076.50 , 653

-00297.85 , -01173.34 ,  00896.48 ,  00043.60 , -00016.83 ,  00042.50 ,  00027.00 , -00040.20 ,  00076.50 , 654

-00295.90 , -01161.13 ,  00881.35 ,  00038.84 , -00015.67 ,  00046.10 ,  00027.00 , -00040.20 ,  00076.50 , 655

-00306.15 , -01175.29 ,  00886.72 ,  00040.43 , -00017.38 ,  00047.26 ,  00027.00 , -00040.20 ,  00076.50 , 656

-00295.90 , -01172.36 ,  00893.55 ,  00038.84 , -00013.66 ,  00048.17 ,  00027.00 , -00040.20 ,  00076.50 , 658

-00311.52 , -01163.09 ,  00887.21 ,  00033.90 , -00016.28 ,  00050.73 ,  00027.00 , -00040.20 ,  00076.50 , 659

-00298.83 , -01146.00 ,  00878.91 ,  00030.43 , -00013.90 ,  00055.43 ,  00027.00 , -00040.20 ,  00076.50 , 660

-00302.73 , -01144.04 ,  00869.14 ,  00032.07 , -00013.41 ,  00060.24 ,  00027.00 , -00040.20 ,  00076.50 , 661

-00309.08 , -01146.48 ,  00875.00 ,  00028.84 , -00016.04 ,  00062.44 ,  00027.00 , -00040.20 ,  00076.50 , 662

-00308.11 , -01151.86 ,  00853.03 ,  00022.80 , -00015.12 ,  00062.93 ,  00028.05 , -00038.70 ,  00076.80 , 664

-00316.41 , -01143.55 ,  00862.30 ,  00022.20 , -00015.30 ,  00062.87 ,  00028.05 , -00038.70 ,  00076.80 , 665

-00311.52 , -01146.00 ,  00853.03 ,  00019.33 , -00016.46 ,  00065.55 ,  00028.05 , -00038.70 ,  00076.80 , 666

-00325.68 , -01117.68 ,  00865.72 ,  00018.23 , -00016.22 ,  00069.09 ,  00028.05 , -00038.70 ,  00076.80 , 667

-00329.59 , -01113.28 ,  00864.75 ,  00013.17 , -00013.54 ,  00069.15 ,  00028.05 , -00038.70 ,  00076.80 , 668

-00329.10 , -01091.80 ,  00854.49 ,  00012.50 , -00017.26 ,  00070.85 ,  00028.05 , -00038.70 ,  00076.80 , 670

-00335.45 , -01078.13 ,  00863.28 ,  00007.07 , -00014.02 ,  00072.74 ,  00028.05 , -00038.70 ,  00076.80 , 671

-00334.47 , -01047.36 ,  00862.30 ,  00005.30 , -00017.68 ,  00076.71 ,  00028.05 , -00038.70 ,  00076.80 , 672

-00331.05 , -01006.84 ,  00863.77 , -00000.67 , -00013.96 ,  00075.06 ,  00026.55 , -00037.20 ,  00077.55 , 673

-00317.38 , -00984.37 ,  00854.98 ,  00000.30 , -00015.73 ,  00082.87 ,  00026.55 , -00037.20 ,  00077.55 , 675

-00309.08 , -00945.31 ,  00861.33 , -00006.16 , -00014.27 ,  00081.04 ,  00026.55 , -00037.20 ,  00077.55 , 676

-00304.20 , -00929.69 ,  00862.30 , -00005.12 , -00013.54 ,  00079.09 ,  00026.55 , -00037.20 ,  00077.55 , 677

-00296.87 , -00892.58 ,  00854.98 , -00010.73 , -00012.32 ,  00084.70 ,  00026.55 , -00037.20 ,  00077.55 , 678

-00296.87 , -00853.03 ,  00852.54 , -00011.22 , -00015.61 ,  00087.74 ,  00026.55 , -00037.20 ,  00077.55 , 679

-00293.95 , -00817.87 ,  00843.75 , -00018.90 , -00012.13 ,  00081.22 ,  00026.55 , -00037.20 ,  00077.55 , 681

-00278.81 , -00788.09 ,  00858.89 , -00020.24 , -00017.44 ,  00088.05 ,  00026.55 , -00037.20 ,  00077.55 , 682

-00270.02 , -00735.84 ,  00865.23 , -00022.93 , -00012.68 ,  00092.99 ,  00026.55 , -00037.20 ,  00077.55 , 683

-00251.46 , -00661.62 ,  00864.26 , -00024.09 , -00014.70 ,  00090.67 ,  00026.55 , -00037.20 ,  00077.55 , 684

-00262.21 , -00587.40 ,  00874.02 , -00023.66 , -00009.27 ,  00092.50 ,  00026.55 , -00037.20 ,  00077.55 , 685

-00247.07 , -00689.94 ,  00834.47 , -00022.56 , -00010.06 ,  00093.72 ,  00026.55 , -00037.20 ,  00077.55 , 687

-00243.16 , -00634.77 ,  00828.12 , -00028.72 , -00010.67 ,  00094.57 ,  00026.55 , -00037.20 ,  00077.55 , 688

-00258.79 , -00546.87 ,  00879.39 , -00029.70 , -00014.70 ,  00096.46 ,  00026.55 , -00037.20 ,  00077.55 , 689

-00250.98 , -00486.82 ,  00897.46 , -00031.65 , -00013.72 ,  00097.74 ,  00026.55 , -00037.20 ,  00077.55 , 690

-00243.65 , -00431.15 ,  00878.91 , -00036.40 , -00010.79 ,  00097.80 ,  00026.55 , -00037.20 ,  00077.55 , 691

-00233.89 , -00352.05 ,  00880.37 , -00037.13 , -00012.68 ,  00096.28 ,  00026.55 , -00037.20 ,  00077.55 , 693

-00227.05 , -00313.48 ,  00904.30 , -00042.32 , -00012.38 ,  00094.39 ,  00028.95 , -00033.60 ,  00078.45 , 694

-00208.01 , -00258.30 ,  00914.55 , -00044.94 , -00011.04 ,  00098.54 ,  00028.95 , -00033.60 ,  00078.45 , 695

-00209.96 , -00204.59 ,  00916.50 , -00050.24 , -00011.65 ,  00099.27 ,  00028.95 , -00033.60 ,  00078.45 , 696

-00204.10 , -00156.74 ,  00928.71 , -00048.66 , -00010.85 ,  00096.95 ,  00028.95 , -00033.60 ,  00078.45 , 697

-00183.11 , -00113.77 ,  00931.15 , -00053.41 , -00010.49 ,  00095.30 ,  00028.95 , -00033.60 ,  00078.45 , 699

-00190.92 , -00057.62 ,  00937.99 , -00052.56 , -00010.12 ,  00096.46 ,  00028.95 , -00033.60 ,  00078.45 , 700

-00183.11 , -00029.30 ,  00954.10 , -00055.49 , -00011.04 ,  00092.38 ,  00028.95 , -00033.60 ,  00078.45 , 701

-00177.73 ,  00032.23 ,  00957.03 , -00056.16 , -00012.38 ,  00092.93 ,  00028.95 , -00033.60 ,  00078.45 , 702

-00166.50 ,  00074.22 ,  00968.26 , -00062.20 , -00009.94 ,  00090.18 ,  00027.75 , -00031.05 ,  00078.90 , 703

-00166.99 ,  00114.26 ,  00975.59 , -00059.39 , -00013.23 ,  00091.65 ,  00027.75 , -00031.05 ,  00078.90 , 705

-00162.11 ,  00169.43 ,  00973.14 , -00060.73 , -00011.95 ,  00090.30 ,  00027.75 , -00031.05 ,  00078.90 , 706

-00160.64 ,  00220.70 ,  00990.72 , -00060.43 , -00012.26 ,  00086.40 ,  00027.75 , -00031.05 ,  00078.90 , 707

-00159.67 ,  00261.72 ,  00999.02 , -00064.70 , -00011.28 ,  00082.01 ,  00027.75 , -00031.05 ,  00078.90 , 708

-00146.48 ,  00322.75 ,  01000.00 , -00059.76 , -00014.02 ,  00083.78 ,  00027.75 , -00031.05 ,  00078.90 , 709

-00163.09 ,  00364.75 ,  01013.18 , -00065.67 , -00012.44 ,  00076.89 ,  00027.75 , -00031.05 ,  00078.90 , 711

-00143.07 ,  00403.32 ,  01022.46 , -00063.05 , -00015.49 ,  00087.20 ,  00027.75 , -00031.05 ,  00078.90 , 712

-00145.02 ,  00434.08 ,  01040.53 , -00063.78 , -00014.15 ,  00074.76 ,  00027.75 , -00031.05 ,  00078.90 , 713

-00151.37 ,  00476.07 ,  01056.15 , -00064.88 , -00015.18 ,  00067.99 ,  00028.95 , -00029.70 ,  00078.75 , 714

-00159.67 ,  00521.00 ,  01072.75 , -00063.11 , -00016.28 ,  00067.62 ,  00028.95 , -00029.70 ,  00078.75 , 715

-00142.09 ,  00562.01 ,  01085.45 , -00066.46 , -00014.02 ,  00065.30 ,  00028.95 , -00029.70 ,  00078.75 , 717

-00145.51 ,  00604.98 ,  01083.01 , -00065.06 , -00016.71 ,  00072.50 ,  00028.95 , -00029.70 ,  00078.75 , 718

-00153.32 ,  00634.28 ,  01085.94 , -00061.77 , -00014.51 ,  00067.93 ,  00028.95 , -00029.70 ,  00078.75 , 719

-00144.53 ,  00683.11 ,  01109.38 , -00061.89 , -00016.59 ,  00066.16 ,  00028.95 , -00029.70 ,  00078.75 , 720

-00145.51 ,  00693.85 ,  01104.98 , -00062.68 , -00016.89 ,  00061.59 ,  00028.95 , -00029.70 ,  00078.75 , 722

-00146.00 ,  00728.03 ,  01128.42 , -00056.34 , -00018.35 ,  00062.07 ,  00028.95 , -00029.70 ,  00078.75 , 723

-00140.14 ,  00779.79 ,  01149.41 , -00056.52 , -00015.91 ,  00055.98 ,  00028.50 , -00029.85 ,  00078.90 , 724

-00153.81 ,  00817.38 ,  01167.97 , -00054.94 , -00018.72 ,  00056.65 ,  00028.50 , -00029.85 ,  00078.90 , 725

-00155.27 ,  00834.96 ,  01172.36 , -00056.83 , -00014.02 ,  00056.22 ,  00028.50 , -00029.85 ,  00078.90 , 726

-00176.27 ,  00863.77 ,  01189.45 , -00050.55 , -00018.11 ,  00053.54 ,  00028.50 , -00029.85 ,  00078.90 , 728

-00167.97 ,  00896.48 ,  01189.45 , -00052.74 , -00012.62 ,  00042.44 ,  00028.50 , -00029.85 ,  00078.90 , 729

-00167.97 ,  00918.95 ,  01208.98 , -00046.34 , -00013.11 ,  00043.29 ,  00028.50 , -00029.85 ,  00078.90 , 730

-00187.50 ,  00955.57 ,  01217.77 , -00046.59 , -00014.45 ,  00044.09 ,  00028.50 , -00029.85 ,  00078.90 , 731

-00185.55 ,  00971.68 ,  01224.61 , -00042.80 , -00013.96 ,  00036.77 ,  00028.50 , -00029.85 ,  00078.90 , 732

-00186.04 ,  01019.53 ,  01243.16 , -00043.90 , -00012.87 ,  00030.91 ,  00028.50 , -00029.85 ,  00078.90 , 734

-00206.05 ,  01052.73 ,  01261.72 , -00041.40 , -00010.12 ,  00033.48 ,  00028.50 , -00029.85 ,  00078.90 , 735

-00203.61 ,  01062.01 ,  01267.09 , -00042.62 , -00010.00 ,  00026.77 ,  00028.50 , -00029.85 ,  00078.90 , 736

-00204.59 ,  01093.26 ,  01279.79 , -00036.89 , -00009.82 ,  00026.77 ,  00028.50 , -00029.85 ,  00078.90 , 737

-00203.12 ,  01114.26 ,  01281.25 , -00034.70 , -00007.74 ,  00021.65 ,  00028.50 , -00029.85 ,  00078.90 , 738

-00218.26 ,  01123.54 ,  01303.71 , -00037.50 , -00006.16 ,  00021.46 ,  00028.50 , -00029.85 ,  00078.90 , 740

-00214.36 ,  01136.72 ,  01311.52 , -00032.56 , -00005.18 ,  00015.73 ,  00028.50 , -00029.85 ,  00078.90 , 741

-00222.17 ,  01146.00 ,  01323.73 , -00032.20 , -00000.06 ,  00007.74 ,  00028.50 , -00029.85 ,  00078.90 , 742

-00222.66 ,  01151.37 ,  01318.85 , -00027.56 , -00003.54 ,  00008.66 ,  00028.50 , -00029.85 ,  00078.90 , 743

-00243.16 ,  01151.86 ,  01328.61 , -00029.21 ,  00001.52 ,  00002.68 ,  00028.50 , -00029.85 ,  00078.30 , 744

-00224.12 ,  01164.06 ,  01340.33 , -00028.17 ,  00001.22 , -00004.21 ,  00028.50 , -00029.85 ,  00078.30 , 746

-00237.30 ,  01176.27 ,  01341.80 , -00027.93 ,  00003.05 , -00007.13 ,  00028.50 , -00029.85 ,  00078.30 , 747

-00233.40 ,  01174.80 ,  01339.36 , -00025.61 ,  00005.12 , -00006.52 ,  00028.50 , -00029.85 ,  00078.30 , 748

-00242.68 ,  01181.64 ,  01330.08 , -00024.51 ,  00009.39 , -00010.67 ,  00028.50 , -00029.85 ,  00078.30 , 749

-00247.56 ,  01177.25 ,  01331.54 , -00021.71 ,  00006.59 , -00016.52 ,  00028.50 , -00029.85 ,  00078.30 , 750

-00232.42 ,  01176.27 ,  01337.40 , -00023.17 ,  00012.20 , -00023.78 ,  00028.50 , -00029.85 ,  00078.30 , 752

-00243.16 ,  01175.29 ,  01335.45 , -00018.41 ,  00009.76 , -00040.06 ,  00028.50 , -00029.85 ,  00078.30 , 753

-00255.37 ,  01159.67 ,  01337.40 , -00022.07 ,  00011.83 , -00017.07 ,  00027.00 , -00029.85 ,  00077.85 , 754

-00258.79 ,  01151.86 ,  01326.66 , -00014.63 ,  00018.48 , -00021.04 ,  00027.00 , -00029.85 ,  00077.85 , 755

-00262.70 ,  01158.20 ,  01325.68 , -00018.84 ,  00016.46 , -00044.45 ,  00027.00 , -00029.85 ,  00077.85 , 756

-00262.70 ,  01158.69 ,  01324.22 , -00015.73 ,  00014.27 , -00039.94 ,  00027.00 , -00029.85 ,  00077.85 , 758

-00258.30 ,  01139.16 ,  01316.89 , -00011.10 ,  00022.44 , -00037.20 ,  00027.00 , -00029.85 ,  00077.85 , 759

-00253.91 ,  01119.63 ,  01303.22 , -00006.59 ,  00019.33 , -00041.40 ,  00027.00 , -00029.85 ,  00077.85 , 760

-00255.37 ,  01117.19 ,  01304.69 , -00009.63 ,  00022.32 , -00049.09 ,  00027.00 , -00029.85 ,  00077.85 , 761

-00244.63 ,  01092.77 ,  01284.67 , -00007.99 ,  00025.73 , -00047.80 ,  00027.00 , -00029.85 ,  00077.85 , 762

-00243.16 ,  01065.43 ,  01281.25 , -00003.23 ,  00025.91 , -00063.41 ,  00027.00 , -00029.85 ,  00077.85 , 764

-00232.42 ,  01039.55 ,  01245.12 , -00005.98 ,  00025.85 , -00062.13 ,  00027.00 , -00029.85 ,  00077.85 , 765

-00230.47 ,  00990.23 ,  01225.59 ,  00005.00 ,  00027.20 , -00044.82 ,  00027.00 , -00029.85 ,  00077.85 , 766

-00234.86 ,  00973.14 ,  01221.19 ,  00005.61 ,  00027.62 , -00049.70 ,  00027.00 , -00029.85 ,  00077.85 , 767

-00216.80 ,  00937.50 ,  01192.87 ,  00007.20 ,  00030.00 , -00062.74 ,  00027.00 , -00029.85 ,  00077.85 , 768

-00207.03 ,  00911.13 ,  01190.43 ,  00013.84 ,  00030.18 , -00056.04 ,  00027.00 , -00029.85 ,  00077.85 , 770

-00196.29 ,  00876.46 ,  01172.36 ,  00019.09 ,  00029.33 , -00052.13 ,  00027.00 , -00029.85 ,  00077.85 , 771

-00196.78 ,  00815.92 ,  01166.50 ,  00016.34 ,  00035.67 , -00067.07 ,  00027.00 , -00029.85 ,  00077.85 , 772

-00191.89 ,  00782.71 ,  01136.72 ,  00025.00 ,  00033.78 , -00065.73 ,  00028.50 , -00029.85 ,  00077.85 , 773

-00196.29 ,  00741.21 ,  01127.44 ,  00014.21 ,  00033.60 , -00073.11 ,  00028.50 , -00031.05 ,  00076.05 , 775

-00198.73 ,  00694.82 ,  01109.38 ,  00026.40 ,  00033.29 , -00062.32 ,  00028.50 , -00031.05 ,  00076.05 , 776

-00186.04 ,  00655.27 ,  01091.31 ,  00034.39 ,  00031.83 , -00064.51 ,  00028.50 , -00031.05 ,  00076.05 , 777

-00195.80 ,  00608.89 ,  01078.13 ,  00032.38 ,  00031.52 , -00065.91 ,  00028.50 , -00031.05 ,  00076.05 , 778

-00181.64 ,  00563.96 ,  01066.89 ,  00031.77 ,  00033.78 , -00069.88 ,  00028.50 , -00031.05 ,  00076.05 , 779

-00176.76 ,  00532.71 ,  01047.36 ,  00038.41 ,  00031.71 , -00065.91 ,  00028.50 , -00031.05 ,  00076.05 , 781

-00163.57 ,  00488.28 ,  01040.53 ,  00039.33 ,  00035.12 , -00066.46 ,  00028.50 , -00031.05 ,  00076.05 , 782

-00170.90 ,  00424.32 ,  01025.88 ,  00042.01 ,  00031.16 , -00077.01 ,  00028.50 , -00031.05 ,  00076.05 , 783

-00165.53 ,  00383.79 ,  01018.07 ,  00038.48 ,  00033.17 , -00078.17 ,  00028.20 , -00032.40 ,  00077.70 , 784

-00160.64 ,  00326.17 ,  00986.82 ,  00044.63 ,  00031.59 , -00073.90 ,  00028.20 , -00032.40 ,  00077.70 , 785

-00158.69 ,  00269.53 ,  00974.12 ,  00042.93 ,  00035.43 , -00077.20 ,  00028.20 , -00032.40 ,  00077.70 , 787

-00161.13 ,  00234.86 ,  00963.87 ,  00042.50 ,  00031.83 , -00080.67 ,  00028.20 , -00032.40 ,  00077.70 , 788

-00152.34 ,  00193.85 ,  00945.80 ,  00045.85 ,  00028.72 , -00079.94 ,  00028.20 , -00032.40 ,  00077.70 , 789

-00146.97 ,  00143.55 ,  00944.82 ,  00039.63 ,  00033.48 , -00084.21 ,  00028.20 , -00032.40 ,  00077.70 , 790

-00155.27 ,  00075.68 ,  00925.78 ,  00045.73 ,  00028.96 , -00089.09 ,  00028.20 , -00032.40 ,  00077.70 , 791

-00155.27 ,  00030.27 ,  00917.97 ,  00046.22 ,  00028.72 , -00091.77 ,  00028.20 , -00032.40 ,  00077.70 , 793

-00190.92 , -00018.55 ,  00897.95 ,  00047.62 ,  00027.38 , -00087.99 ,  00028.05 , -00031.80 ,  00076.50 , 794

-00189.45 , -00091.31 ,  00889.65 ,  00043.48 ,  00028.90 , -00088.23 ,  00028.05 , -00031.80 ,  00076.50 , 795

-00176.27 , -00125.49 ,  00863.28 ,  00044.21 ,  00023.60 , -00088.17 ,  00028.05 , -00031.80 ,  00076.50 , 796

-00155.27 , -00179.20 ,  00842.29 ,  00042.26 ,  00027.32 , -00097.26 ,  00028.05 , -00031.80 ,  00076.50 , 797

-00132.32 , -00227.54 ,  00840.33 ,  00042.01 ,  00022.38 , -00099.27 ,  00028.05 , -00031.80 ,  00076.50 , 799

-00120.12 , -00294.92 ,  00837.89 ,  00038.78 ,  00024.63 , -00095.55 ,  00028.05 , -00031.80 ,  00076.50 , 800

-00142.58 , -00341.80 ,  00810.06 ,  00044.33 ,  00020.61 , -00094.70 ,  00028.05 , -00031.80 ,  00076.50 , 801

-00152.83 , -00401.37 ,  00805.18 ,  00043.23 ,  00022.93 , -00098.72 ,  00028.05 , -00031.80 ,  00076.50 , 802

-00172.85 , -00442.87 ,  00793.46 ,  00044.27 ,  00015.18 , -00096.83 ,  00028.80 , -00033.30 ,  00077.55 , 803

-00167.97 , -00496.58 ,  00768.07 ,  00041.22 ,  00014.82 , -00096.65 ,  00028.80 , -00033.30 ,  00077.55 , 805

-00142.09 , -00544.43 ,  00768.07 ,  00045.79 ,  00014.76 , -00089.76 ,  00028.80 , -00033.30 ,  00077.55 , 806

-00155.27 , -00585.45 ,  00758.79 ,  00045.85 ,  00011.22 , -00089.39 ,  00028.80 , -00033.30 ,  00077.55 , 807

-00180.66 , -00626.46 ,  00750.00 ,  00047.38 ,  00008.05 , -00086.40 ,  00028.80 , -00033.30 ,  00077.55 , 808

-00180.18 , -00670.90 ,  00747.07 ,  00045.91 ,  00007.68 , -00088.60 ,  00028.80 , -00033.30 ,  00077.55 , 809

-00181.64 , -00719.73 ,  00743.65 ,  00044.88 ,  00005.49 , -00083.96 ,  00028.80 , -00033.30 ,  00077.55 , 811

-00182.62 , -00770.51 ,  00734.86 ,  00051.04 ,  00006.16 , -00075.55 ,  00028.80 , -00033.30 ,  00077.55 , 812

-00185.55 , -00804.20 ,  00739.75 ,  00050.06 ,  00003.60 , -00072.56 ,  00028.80 , -00033.30 ,  00077.55 , 813

-00189.45 , -00833.98 ,  00731.93 ,  00050.18 , -00000.67 , -00066.65 ,  00028.80 , -00033.30 ,  00077.55 , 814

-00188.48 , -00876.46 ,  00746.58 ,  00050.37 ,  00000.00 , -00059.63 ,  00028.80 , -00033.30 ,  00077.55 , 815

-00198.24 , -00920.41 ,  00751.46 ,  00053.78 , -00002.38 , -00051.71 ,  00028.80 , -00033.30 ,  00077.55 , 817

-00200.20 , -00951.66 ,  00741.70 ,  00051.65 , -00002.50 , -00051.77 ,  00028.80 , -00033.30 ,  00077.55 , 818

-00195.31 , -00971.68 ,  00760.25 ,  00051.52 , -00007.50 , -00046.46 ,  00028.80 , -00033.30 ,  00077.55 , 819

-00222.66 , -01002.93 ,  00768.55 ,  00050.91 , -00004.57 , -00038.72 ,  00028.80 , -00033.30 ,  00077.55 , 820

-00228.52 , -01040.04 ,  00784.18 ,  00056.34 , -00008.90 , -00029.70 ,  00028.80 , -00033.30 ,  00077.55 , 822

-00225.59 , -01061.52 ,  00788.57 ,  00052.01 , -00010.06 , -00027.68 ,  00028.80 , -00033.30 ,  00077.55 , 823

-00238.77 , -01077.15 ,  00802.25 ,  00052.87 , -00012.26 , -00021.46 ,  00027.90 , -00036.15 ,  00076.20 , 824

-00233.40 , -01089.84 ,  00811.04 ,  00049.94 , -00011.83 , -00018.96 ,  00027.90 , -00036.15 ,  00076.20 , 825

-00246.09 , -01117.19 ,  00814.94 ,  00051.59 , -00016.52 , -00015.61 ,  00027.90 , -00036.15 ,  00076.20 , 826

-00250.98 , -01114.75 ,  00835.45 ,  00047.56 , -00013.54 , -00009.39 ,  00027.90 , -00036.15 ,  00076.20 , 828

-00249.02 , -01147.46 ,  00835.45 ,  00046.16 , -00020.24 , -00004.39 ,  00027.90 , -00036.15 ,  00076.20 , 829

-00250.00 , -01140.14 ,  00840.82 ,  00043.29 , -00017.87 , -00003.72 ,  00027.90 , -00036.15 ,  00076.20 , 830

-00256.35 , -01151.86 ,  00870.61 ,  00043.54 , -00021.22 ,  00004.51 ,  00027.90 , -00036.15 ,  00076.20 , 831

-00256.84 , -01162.11 ,  00875.49 ,  00037.62 , -00021.40 ,  00006.95 ,  00027.90 , -00036.15 ,  00076.20 , 832

-00258.79 , -01161.13 ,  00885.25 ,  00035.91 , -00025.18 ,  00010.91 ,  00028.80 , -00034.80 ,  00076.50 , 834

-00270.02 , -01160.64 ,  00896.97 ,  00033.17 , -00025.98 ,  00013.35 ,  00028.80 , -00034.80 ,  00076.50 , 835

-00248.54 , -01162.11 ,  00923.83 ,  00032.38 , -00026.04 ,  00020.06 ,  00028.80 , -00034.80 ,  00076.50 , 836

-00274.90 , -01173.34 ,  00931.64 ,  00031.10 , -00024.27 ,  00024.02 ,  00028.80 , -00034.80 ,  00076.50 , 837

-00271.00 , -01172.36 ,  00944.82 ,  00026.83 , -00021.83 ,  00024.45 ,  00028.80 , -00034.80 ,  00076.50 , 838

-00279.30 , -01184.57 ,  00960.45 ,  00024.82 , -00026.16 ,  00031.52 ,  00028.80 , -00034.80 ,  00076.50 , 840

-00281.74 , -01184.57 ,  00958.50 ,  00021.04 , -00025.37 ,  00032.93 ,  00028.80 , -00034.80 ,  00076.50 , 841

-00284.67 , -01178.22 ,  00965.82 ,  00021.83 , -00024.45 ,  00039.70 ,  00028.80 , -00034.80 ,  00076.50 , 842

-00289.55 , -01178.71 ,  00985.35 ,  00016.46 , -00023.78 ,  00042.38 ,  00028.80 , -00034.80 ,  00076.50 , 843

-00288.57 , -01166.02 ,  00978.03 ,  00018.23 , -00026.22 ,  00047.80 ,  00027.90 , -00035.40 ,  00077.40 , 844

-00286.13 , -01171.39 ,  00995.12 ,  00013.72 , -00025.06 ,  00051.04 ,  00027.90 , -00035.40 ,  00077.40 , 846

-00288.57 , -01157.23 ,  01007.32 ,  00014.88 , -00024.82 ,  00052.32 ,  00027.90 , -00035.40 ,  00077.40 , 847

-00275.88 , -01128.42 ,  01022.95 ,  00010.55 , -00020.91 ,  00058.11 ,  00027.90 , -00035.40 ,  00077.40 , 848

-00289.06 , -01132.32 ,  01024.41 ,  00013.23 , -00026.16 ,  00069.88 ,  00027.90 , -00035.40 ,  00077.40 , 849

-00304.20 , -01108.40 ,  01021.48 ,  00009.82 , -00023.90 ,  00063.29 ,  00027.90 , -00035.40 ,  00077.40 , 850

-00288.09 , -01085.94 ,  01037.11 ,  00006.52 , -00023.29 ,  00065.30 ,  00027.90 , -00035.40 ,  00077.40 , 852

-00293.46 , -01080.08 ,  01041.02 ,  00004.02 , -00021.95 ,  00070.79 ,  00027.90 , -00035.40 ,  00077.40 , 853

-00298.34 , -01032.23 ,  01048.34 ,  00003.96 , -00020.91 ,  00076.59 ,  00028.50 , -00034.80 ,  00077.85 , 854

-00303.22 , -01002.93 ,  01054.20 ,  00002.07 , -00021.04 ,  00076.77 ,  00028.50 , -00034.80 ,  00077.85 , 855

-00286.13 , -00982.42 ,  01059.57 , -00000.55 , -00022.80 ,  00079.45 ,  00028.50 , -00034.80 ,  00077.85 , 856

-00291.02 , -00956.05 ,  01068.85 , -00003.54 , -00020.00 ,  00076.83 ,  00028.50 , -00034.80 ,  00077.85 , 858

-00301.27 , -00909.18 ,  01077.15 , -00007.01 , -00019.82 ,  00080.37 ,  00028.50 , -00034.80 ,  00077.85 , 859

-00299.80 , -00886.23 ,  01076.66 , -00012.50 , -00018.66 ,  00081.59 ,  00028.50 , -00034.80 ,  00077.85 , 860

-00289.55 , -00840.33 ,  01102.54 , -00016.95 , -00015.85 ,  00080.73 ,  00028.50 , -00034.80 ,  00077.85 , 861

-00285.16 , -00783.69 ,  01088.38 , -00015.18 , -00017.20 ,  00085.79 ,  00028.50 , -00034.80 ,  00077.85 , 862

-00283.69 , -00749.51 ,  01097.17 , -00019.82 , -00014.21 ,  00082.32 ,  00028.50 , -00034.80 ,  00077.85 , 864

-00274.90 , -00691.89 ,  01086.43 , -00023.11 , -00012.50 ,  00083.96 ,  00028.50 , -00034.80 ,  00077.85 , 865

-00286.13 , -00642.58 ,  01098.14 , -00028.05 , -00011.59 ,  00082.87 ,  00028.50 , -00034.80 ,  00077.85 , 866

-00275.88 , -00586.91 ,  01098.63 , -00029.15 , -00015.00 ,  00082.26 ,  00028.50 , -00034.80 ,  00077.85 , 867

-00266.60 , -00543.95 ,  01103.03 , -00035.79 , -00009.15 ,  00083.29 ,  00028.50 , -00034.80 ,  00077.85 , 869

-00270.02 , -00490.72 ,  01091.31 , -00035.30 , -00011.28 ,  00080.73 ,  00028.50 , -00034.80 ,  00077.85 , 870

-00271.00 , -00434.08 ,  01084.96 , -00037.68 , -00009.76 ,  00081.71 ,  00028.50 , -00034.80 ,  00077.85 , 871

-00237.30 , -00389.16 ,  01074.22 , -00037.07 , -00007.32 ,  00082.93 ,  00028.50 , -00034.80 ,  00077.85 , 872

-00228.03 , -00349.61 ,  01071.29 , -00043.11 , -00006.71 ,  00077.44 ,  00028.50 , -00034.80 ,  00077.85 , 873

-00226.56 , -00281.74 ,  01056.64 , -00039.09 , -00007.93 ,  00079.94 ,  00028.50 , -00030.75 ,  00078.30 , 875

-00223.14 , -00240.72 ,  01070.80 , -00042.20 , -00006.28 ,  00083.35 ,  00028.50 , -00030.75 ,  00078.30 , 876

-00238.28 , -00177.73 ,  01069.82 , -00044.27 , -00009.94 ,  00082.74 ,  00028.50 , -00030.75 ,  00078.30 , 877

-00208.50 , -00120.61 ,  01077.15 , -00043.90 , -00004.63 ,  00082.62 ,  00028.50 , -00030.75 ,  00078.30 , 878

-00205.57 , -00040.04 ,  01091.31 , -00041.52 , -00007.80 ,  00081.04 ,  00028.50 , -00030.75 ,  00078.30 , 879

-00199.22 ,  00010.74 ,  01070.80 , -00043.66 , -00006.52 ,  00080.67 ,  00028.50 , -00030.75 ,  00078.30 , 881

-00211.43 ,  00063.48 ,  01084.96 , -00041.83 , -00007.07 ,  00083.60 ,  00028.50 , -00030.75 ,  00078.30 , 882

-00205.08 ,  00123.05 ,  01078.13 , -00043.72 , -00003.48 ,  00081.34 ,  00028.50 , -00030.75 ,  00078.30 , 883

-00195.31 ,  00184.57 ,  01083.50 , -00042.50 , -00008.54 ,  00078.66 ,  00028.80 , -00029.10 ,  00078.90 , 884

-00197.75 ,  00236.82 ,  01083.01 , -00040.67 , -00008.60 ,  00080.12 ,  00028.80 , -00029.10 ,  00078.90 , 885

-00187.01 ,  00283.69 ,  01084.96 , -00043.23 , -00002.74 ,  00076.16 ,  00028.80 , -00029.10 ,  00078.90 , 887

-00197.27 ,  00338.87 ,  01104.98 , -00038.90 , -00006.40 ,  00077.93 ,  00028.80 , -00029.10 ,  00078.90 , 888

-00196.78 ,  00378.91 ,  01106.93 , -00041.89 , -00006.34 ,  00074.33 ,  00028.80 , -00029.10 ,  00078.90 , 889

-00205.08 ,  00424.32 ,  01106.45 , -00039.88 , -00007.20 ,  00074.27 ,  00028.80 , -00029.10 ,  00078.90 , 890

-00201.66 ,  00469.24 ,  01121.58 , -00040.06 , -00004.21 ,  00068.54 ,  00028.80 , -00029.10 ,  00078.90 , 891

-00184.57 ,  00528.32 ,  01128.91 , -00039.70 , -00008.29 ,  00065.67 ,  00028.80 , -00029.10 ,  00078.90 , 893

-00188.48 ,  00559.57 ,  01129.88 , -00040.06 , -00002.07 ,  00062.44 ,  00028.80 , -00029.10 ,  00078.90 , 894

-00182.62 ,  00601.07 ,  01131.35 , -00039.27 , -00006.65 ,  00059.76 ,  00028.80 , -00029.10 ,  00078.90 , 895

-00187.01 ,  00644.53 ,  01133.30 , -00041.40 , -00004.33 ,  00055.00 ,  00028.80 , -00029.10 ,  00078.90 , 896

-00193.85 ,  00684.57 ,  01135.25 , -00039.94 , -00003.84 ,  00052.32 ,  00028.80 , -00029.10 ,  00078.90 , 897

-00195.80 ,  00729.98 ,  01143.07 , -00042.99 , -00002.80 ,  00047.87 ,  00028.80 , -00029.10 ,  00078.90 , 899

-00204.59 ,  00777.83 ,  01162.11 , -00041.89 , -00005.98 ,  00046.40 ,  00028.80 , -00029.10 ,  00078.90 , 900

-00194.82 ,  00818.85 ,  01157.23 , -00041.22 ,  00000.12 ,  00040.12 ,  00028.80 , -00029.10 ,  00078.90 , 901

-00189.45 ,  00862.30 ,  01165.53 , -00042.13 , -00003.05 ,  00035.06 ,  00028.80 , -00029.10 ,  00078.90 , 902

-00179.69 ,  00886.72 ,  01175.78 , -00044.63 , -00000.49 ,  00030.49 ,  00028.80 , -00029.10 ,  00078.90 , 903

-00193.36 ,  00917.97 ,  01155.76 , -00041.52 ,  00000.12 ,  00028.54 ,  00028.50 , -00028.35 ,  00078.60 , 905

-00207.03 ,  00948.24 ,  01155.76 , -00044.70 ,  00002.32 ,  00024.09 ,  00028.50 , -00028.35 ,  00078.60 , 906

-00211.43 ,  00979.49 ,  01164.55 , -00040.12 , -00000.85 ,  00023.23 ,  00028.50 , -00028.35 ,  00078.60 , 907

-00188.48 ,  00987.79 ,  01166.99 , -00040.24 ,  00004.76 ,  00017.01 ,  00028.50 , -00028.35 ,  00078.60 , 908

-00213.87 ,  01004.88 ,  01179.69 , -00037.62 ,  00002.68 ,  00016.52 ,  00028.50 , -00028.35 ,  00078.60 , 909

-00216.80 ,  01030.27 ,  01172.85 , -00037.68 ,  00005.91 ,  00011.65 ,  00028.50 , -00028.35 ,  00078.60 , 911

-00216.31 ,  01042.48 ,  01162.11 , -00033.05 ,  00002.99 ,  00011.16 ,  00028.50 , -00028.35 ,  00078.60 , 912

-00218.75 ,  01058.59 ,  01185.55 , -00030.06 ,  00003.48 ,  00009.15 ,  00028.50 , -00028.35 ,  00078.60 , 913

-00226.07 ,  01062.01 ,  01190.43 , -00030.24 ,  00008.60 ,  00002.50 ,  00027.60 , -00028.20 ,  00078.75 , 914

-00227.54 ,  01084.47 ,  01185.06 , -00027.38 ,  00005.06 ,  00002.56 ,  00027.60 , -00028.20 ,  00078.75 , 915

-00225.10 ,  01073.24 ,  01199.71 , -00027.01 ,  00007.87 , -00002.50 ,  00027.60 , -00028.20 ,  00078.75 , 917

-00234.37 ,  01097.66 ,  01194.34 , -00020.98 ,  00008.35 ,  00001.95 ,  00027.60 , -00028.20 ,  00078.75 , 918

-00243.65 ,  01098.14 ,  01211.43 , -00023.05 ,  00009.45 , -00011.59 ,  00027.60 , -00028.20 ,  00078.75 , 919

-00242.68 ,  01094.73 ,  01220.70 , -00018.41 ,  00010.79 , -00009.51 ,  00027.60 , -00028.20 ,  00078.75 , 920

-00245.61 ,  01088.38 ,  01222.17 , -00018.90 ,  00014.09 , -00012.26 ,  00027.60 , -00028.20 ,  00078.75 , 922

-00250.49 ,  01080.08 ,  01213.38 , -00015.91 ,  00011.71 , -00014.33 ,  00027.60 , -00028.20 ,  00078.75 , 923

-00239.75 ,  01088.87 ,  01229.00 , -00016.77 ,  00016.40 , -00019.33 ,  00027.90 , -00027.45 ,  00077.70 , 924

-00239.75 ,  01075.20 ,  01222.66 , -00014.45 ,  00015.61 , -00026.77 ,  00027.90 , -00027.45 ,  00077.70 , 925

-00253.42 ,  01065.43 ,  01241.70 , -00013.41 ,  00018.78 , -00026.65 ,  00027.90 , -00027.45 ,  00077.70 , 926

-00242.19 ,  01051.27 ,  01242.68 , -00013.35 ,  00015.91 , -00022.32 ,  00027.90 , -00027.45 ,  00077.70 , 928

-00254.39 ,  01055.18 ,  01249.51 , -00014.63 ,  00020.73 , -00033.78 ,  00027.90 , -00027.45 ,  00077.70 , 929

-00249.51 ,  01049.80 ,  01258.30 , -00010.79 ,  00019.94 , -00034.88 ,  00027.90 , -00027.45 ,  00077.70 , 930

-00243.16 ,  01053.22 ,  01263.67 , -00013.66 ,  00021.52 , -00040.37 ,  00027.90 , -00027.45 ,  00077.70 , 931

-00251.95 ,  01045.90 ,  01254.88 , -00010.73 ,  00022.38 , -00041.28 ,  00027.90 , -00027.45 ,  00077.70 , 932

-00261.23 ,  01023.44 ,  01271.97 , -00013.35 ,  00023.96 , -00044.51 ,  00027.30 , -00028.80 ,  00078.90 , 934

-00250.00 ,  01021.00 ,  01262.70 , -00011.95 ,  00025.73 , -00048.23 ,  00027.30 , -00028.80 ,  00078.90 , 935

-00250.00 ,  01007.81 ,  01269.04 , -00013.90 ,  00027.99 , -00053.23 ,  00027.30 , -00028.80 ,  00078.90 , 936

-00248.54 ,  00997.07 ,  01253.91 ,  00002.32 ,  00027.56 , -00061.95 ,  00027.30 , -00028.80 ,  00078.90 , 937

-00239.75 ,  00981.93 ,  01253.91 ,  00004.57 ,  00027.44 , -00063.05 ,  00027.30 , -00028.80 ,  00078.90 , 938

-00237.79 ,  00973.63 ,  01250.49 , -00010.55 ,  00031.65 , -00072.74 ,  00027.30 , -00028.80 ,  00078.90 , 940

-00230.47 ,  00939.45 ,  01241.21 , -00013.29 ,  00030.91 , -00055.85 ,  00027.30 , -00028.80 ,  00078.90 , 941

-00236.33 ,  00901.86 ,  01242.68 , -00013.35 ,  00034.27 , -00060.98 ,  00027.30 , -00028.80 ,  00078.90 , 942

-00239.26 ,  00888.67 ,  01224.61 , -00011.52 ,  00032.87 , -00078.23 ,  00027.30 , -00028.80 ,  00078.90 , 943

-00233.89 ,  00866.70 ,  01206.54 , -00014.70 ,  00035.91 , -00076.59 ,  00027.30 , -00028.80 ,  00078.90 , 944

-00218.26 ,  00827.15 ,  01198.24 , -00010.49 ,  00036.77 , -00073.11 ,  00027.30 , -00028.80 ,  00078.90 , 946

-00211.43 ,  00815.92 ,  01199.22 , -00011.34 ,  00037.44 , -00081.10 ,  00027.30 , -00028.80 ,  00078.90 , 947

-00214.36 ,  00783.20 ,  01168.46 , -00008.78 ,  00035.73 , -00086.16 ,  00027.30 , -00028.80 ,  00078.90 , 948

-00214.36 ,  00747.07 ,  01167.48 , -00010.06 ,  00040.67 , -00087.93 ,  00027.30 , -00028.80 ,  00078.90 , 949

-00214.84 ,  00719.73 ,  01154.30 , -00007.56 ,  00037.26 , -00088.78 ,  00027.30 , -00028.80 ,  00078.90 , 950

-00207.03 ,  00687.99 ,  01146.00 , -00008.54 ,  00041.77 , -00094.45 ,  00027.30 , -00028.80 ,  00078.90 , 952

-00222.17 ,  00639.65 ,  01124.02 , -00006.28 ,  00039.76 , -00094.76 ,  00027.30 , -00028.80 ,  00078.90 , 953

-00218.26 ,  00605.96 ,  01114.75 , -00005.24 ,  00039.82 , -00098.96 ,  00028.65 , -00030.45 ,  00076.20 , 954

-00213.38 ,  00574.22 ,  01100.59 , -00003.05 ,  00040.85 , -00094.09 ,  00028.65 , -00030.45 ,  00076.20 , 955

-00195.31 ,  00535.64 ,  01083.50 , -00004.27 ,  00041.89 , -00098.41 ,  00028.65 , -00030.45 ,  00076.20 , 956

-00202.15 ,  00475.10 ,  01077.64 ,  00001.16 ,  00037.20 , -00100.61 ,  00028.65 , -00030.45 ,  00076.20 , 958

-00194.82 ,  00437.50 ,  01063.96 , -00000.30 ,  00042.74 , -00103.35 ,  00028.65 , -00030.45 ,  00076.20 , 959

-00188.48 ,  00374.51 ,  01035.16 ,  00003.78 ,  00041.83 , -00099.21 ,  00028.65 , -00030.45 ,  00076.20 , 960

-00187.99 ,  00318.85 ,  01026.37 ,  00003.17 ,  00041.04 , -00102.26 ,  00028.65 , -00030.45 ,  00076.20 , 961

-00190.43 ,  00288.09 ,  01017.09 ,  00009.82 ,  00041.46 , -00102.32 ,  00028.65 , -00030.45 ,  00076.20 , 962

-00186.04 ,  00234.86 ,  00992.68 ,  00009.39 ,  00041.40 , -00101.40 ,  00028.65 , -00032.40 ,  00075.90 , 964

-00177.25 ,  00191.89 ,  00967.77 ,  00012.01 ,  00041.10 , -00102.99 ,  00028.65 , -00032.40 ,  00075.90 , 965

-00180.66 ,  00146.00 ,  00958.01 ,  00017.93 ,  00037.93 , -00102.44 ,  00028.65 , -00032.40 ,  00075.90 , 966

-00174.80 ,  00106.45 ,  00952.15 ,  00018.17 ,  00040.55 , -00104.76 ,  00028.65 , -00032.40 ,  00075.90 , 967

-00181.15 ,  00050.29 ,  00941.89 ,  00021.40 ,  00037.32 , -00101.52 ,  00028.65 , -00032.40 ,  00075.90 , 969

-00180.18 ,  00022.46 ,  00926.27 ,  00023.84 ,  00038.05 , -00104.21 ,  00028.65 , -00032.40 ,  00075.90 , 970

-00178.71 , -00019.53 ,  00912.11 ,  00029.33 ,  00035.24 , -00099.57 ,  00028.65 , -00032.40 ,  00075.90 , 971

-00179.20 , -00078.61 ,  00890.14 ,  00029.45 ,  00033.66 , -00101.34 ,  00028.65 , -00032.40 ,  00075.90 , 972

-00184.08 , -00118.16 ,  00872.07 ,  00031.10 ,  00031.59 , -00099.63 ,  00028.65 , -00032.40 ,  00075.90 , 973

-00193.36 , -00149.90 ,  00873.54 ,  00031.40 ,  00036.28 , -00099.51 ,  00027.30 , -00034.80 ,  00075.30 , 975

-00171.87 , -00197.75 ,  00861.33 ,  00035.06 ,  00031.04 , -00094.09 ,  00027.30 , -00034.80 ,  00075.30 , 976

-00160.64 , -00231.93 ,  00854.98 ,  00035.12 ,  00033.90 , -00098.78 ,  00027.30 , -00034.80 ,  00075.30 , 977

-00161.13 , -00282.23 ,  00864.26 ,  00040.61 ,  00029.02 , -00097.01 ,  00027.30 , -00034.80 ,  00075.30 , 978

-00158.69 , -00327.64 ,  00843.75 ,  00040.30 ,  00032.74 , -00095.00 ,  00027.30 , -00034.80 ,  00075.30 , 979

-00173.83 , -00370.61 ,  00834.47 ,  00044.09 ,  00027.68 , -00092.20 ,  00027.30 , -00034.80 ,  00075.30 , 981

-00181.64 , -00416.50 ,  00815.43 ,  00042.32 ,  00028.96 , -00097.99 ,  00027.30 , -00034.80 ,  00075.30 , 982

-00172.85 , -00462.89 ,  00804.20 ,  00044.33 ,  00026.40 , -00092.68 ,  00027.30 , -00034.80 ,  00075.30 , 983

-00173.34 , -00489.26 ,  00802.25 ,  00044.94 ,  00027.74 , -00089.15 ,  00027.90 , -00037.35 ,  00073.80 , 984

-00171.87 , -00537.11 ,  00784.67 ,  00046.34 ,  00021.28 , -00091.34 ,  00027.90 , -00037.35 ,  00073.80 , 985

-00170.90 , -00568.36 ,  00802.73 ,  00044.45 ,  00023.17 , -00092.01 ,  00027.90 , -00037.35 ,  00073.80 , 987

-00184.08 , -00610.35 ,  00795.90 ,  00047.50 ,  00021.16 , -00084.45 ,  00027.90 , -00037.35 ,  00073.80 , 988

-00190.92 , -00673.34 ,  00781.74 ,  00049.88 ,  00018.84 , -00083.90 ,  00027.90 , -00037.35 ,  00073.80 , 989

-00194.34 , -00698.24 ,  00791.99 ,  00047.80 ,  00019.76 , -00085.24 ,  00027.90 , -00037.35 ,  00073.80 , 990

-00213.38 , -00740.23 ,  00769.53 ,  00050.12 ,  00015.98 , -00083.60 ,  00027.90 , -00037.35 ,  00073.80 , 991

-00208.98 , -00793.46 ,  00764.16 ,  00046.89 ,  00016.83 , -00080.73 ,  00027.90 , -00037.35 ,  00073.80 , 993

-00223.14 , -00829.10 ,  00781.25 ,  00048.60 ,  00011.34 , -00073.23 ,  00027.90 , -00037.35 ,  00073.80 , 994

-00220.70 , -00861.33 ,  00777.34 ,  00048.60 ,  00013.96 , -00073.66 ,  00027.90 , -00037.35 ,  00073.80 , 995

-00243.65 , -00909.18 ,  00778.32 ,  00047.01 ,  00008.66 , -00068.41 ,  00027.90 , -00037.35 ,  00073.80 , 996

-00218.26 , -00939.45 ,  00767.58 ,  00050.00 ,  00010.37 , -00063.84 ,  00027.90 , -00037.35 ,  00073.80 , 997

-00242.68 , -00980.96 ,  00762.21 ,  00050.79 ,  00007.87 , -00059.82 ,  00027.90 , -00037.35 ,  00073.80 , 999

-00243.16 , -01016.60 ,  00760.74 ,  00045.98 ,  00005.91 , -00057.38 ,  00027.90 , -00037.35 ,  00073.80 , 1000

-00250.00 , -01066.89 ,  00769.04 ,  00049.21 ,  00006.77 , -00052.50 ,  00027.90 , -00037.35 ,  00073.80 , 1001

-00251.46 , -01096.19 ,  00762.21 ,  00049.39 ,  00004.45 , -00047.50 ,  00027.90 , -00037.35 ,  00073.80 , 1002

-00257.81 , -01124.51 ,  00761.23 ,  00051.65 ,  00003.66 , -00037.87 ,  00027.90 , -00037.35 ,  00073.80 , 1003

-00251.95 , -01146.97 ,  00762.21 ,  00051.83 ,  00003.60 , -00037.13 ,  00028.65 , -00040.05 ,  00074.85 , 1005

